DATE,BTC_OPEN,ETH_OPEN
2021-01-14,37369.24,1129.87
2021-01-13,34050.3,1050.31
2021-01-12,35410.26,1086.83
2021-01-11,38181.9,1254.0
2021-01-10,38181.9,1254.0
2021-01-10,40093.11,1276.15
2021-01-09,40091.11,1276.15
2021-01-09,40594.55,1216.62
2021-01-08,40600.0,1217.73
2021-01-08,39426.45,1224.94
2021-01-07,39430.39,1224.81
2021-01-07,36780.0,1207.61
2021-01-06,36755.12,1207.88
2021-01-06,33966.57,1099.89
2021-01-05,33945.29,1100.22
2021-01-05,32004.62,1040.99
2021-01-04,31996.27,1042.59
2021-01-04,33026.03,978.38
2021-01-03,33012.98,977.82
2021-01-03,32202.55,774.85
2021-01-02,32184.51,774.93
2021-01-02,29322.32,728.62
2021-01-01,29330.14,728.23
2021-01-01,28917.9,736.21
2020-12-31,28920.33,735.97
2020-12-31,28886.28,752.02
2020-12-30,28884.25,752.01
2020-12-30,27370.0,732.77
2020-12-29,27370.0,732.25
2020-12-29,27072.6,731.04
2020-12-28,27076.18,730.5
2020-12-28,26288.74,685.35
2020-12-27,26289.03,684.69
2020-12-27,26457.13,637.76
2020-12-26,26449.62,636.34
2020-12-26,24712.37,626.94
2020-12-25,24690.6,626.71
2020-12-25,23750.24,612.58
2020-12-24,23738.86,612.43
2020-12-24,23235.17,585.33
2020-12-23,23235.17,585.89
2020-12-23,23810.95,636.7
2020-12-22,23808.33,636.98
2020-12-22,22727.09,608.93
2020-12-21,22713.86,608.0
2020-12-21,23466.4,637.79
2020-12-20,23488.58,638.4
2020-12-20,23827.5,658.16
2020-12-19,23821.7,658.89
2020-12-19,23110.0,654.32
2020-12-18,23102.47,653.61
2020-12-18,22800.54,643.08
2020-12-17,22800.29,643.18
2020-12-17,21327.99,637.32
2020-12-16,19423.38,588.7
2020-12-15,19277.22,586.65
2020-12-14,19159.51,590.67
2020-12-13,18802.55,569.22
2020-12-12,18025.82,543.69
2020-12-11,18240.72,558.58
2020-12-10,18539.38,574.58
2020-12-09,18319.96,554.0
2020-12-08,19176.93,590.86
2020-12-07,19365.75,602.22
2020-12-06,19149.14,597.05
2020-12-05,18650.0,567.21
2020-12-04,19418.11,615.24
2020-12-03,19203.86,597.0
2020-12-02,18762.94,585.0
2020-12-01,19695.51,616.66
2020-11-30,18175.44,576.2
2020-11-29,17712.9,537.87
2020-11-28,17139.82,518.72
2020-11-27,17146.02,520.0
2020-11-26,18725.39,570.07
2020-11-25,19151.64,604.98
2020-11-24,18367.96,608.81
2020-11-23,18412.02,560.53
2020-11-22,18704.99,552.66
2020-11-21,18668.64,509.84
2020-11-20,17797.08,471.42
2020-11-19,17778.24,478.17
2020-11-18,17652.77,482.39
2020-11-17,16711.46,460.15
2020-11-16,15947.27,448.36
2020-11-15,16060.8,460.64
2020-11-14,16319.49,476.49
2020-11-13,16292.96,462.29
2020-11-12,15686.8,463.82
2020-11-11,15303.0,450.34
2020-11-10,15316.52,444.1
2020-11-09,15470.96,454.22
2020-11-08,14817.41,435.25
2020-11-07,15579.32,455.95
2020-11-06,15586.95,416.47
2020-11-05,14133.46,402.06
2020-11-04,14014.59,387.78
2020-11-03,13558.84,383.35
2020-11-02,13747.26,396.4
2020-11-01,13791.5,386.5
2020-10-31,13557.86,382.3
2020-10-30,13447.1,386.46
2020-10-29,13273.9,388.58
2020-10-28,13631.6,403.75
2020-10-27,13052.05,392.82
2020-10-26,13027.76,405.56
2020-10-25,13108.45,412.23
2020-10-24,12921.99,409.16
2020-10-23,12969.15,413.97
2020-10-22,12786.8,391.1
2020-10-21,11908.6,368.37
2020-10-20,11748.7,379.05
2020-10-19,11502.22,378.02
2020-10-18,11357.22,368.39
2020-10-17,11315.88,365.33
2020-10-16,11499.63,377.44
2020-10-15,11414.97,379.18
2020-10-14,11419.73,381.03
2020-10-13,11530.07,386.7
2020-10-12,11366.45,374.16
2020-10-11,11292.33,370.8
2020-10-10,11053.0,364.97
2020-10-09,10920.58,350.61
2020-10-08,10669.29,341.74
2020-10-07,10601.55,340.6
2020-10-06,10791.95,353.28
2020-10-05,10666.43,352.45
2020-10-04,10541.35,345.83
2020-10-03,10567.96,345.38
2020-10-02,10621.22,353.18
2020-10-01,10779.83,359.25
2020-09-30,10840.71,359.36
2020-09-29,10695.91,353.87
2020-09-28,10772.37,357.4
2020-09-27,10723.08,353.78
2020-09-26,10684.6,351.71
2020-09-25,10736.13,349.04
2020-09-24,10236.29,320.39
2020-09-23,10528.48,344.2
2020-09-22,10412.84,340.0
2020-09-21,10917.79,370.84
2020-09-20,11078.76,385.14
2020-09-19,10933.84,384.33
2020-09-18,10938.06,389.3
2020-09-17,10953.73,365.01
2020-09-16,10784.78,363.96
2020-09-15,10677.34,377.13
2020-09-14,10329.94,366.33
2020-09-13,10439.68,387.79
2020-09-12,10387.12,373.74
2020-09-11,10339.57,367.77
2020-09-10,10220.59,350.84
2020-09-09,10126.64,337.34
2020-09-08,10371.08,353.6
2020-09-07,10247.2,352.66
2020-09-06,10166.0,335.35
2020-09-05,10454.13,385.3
2020-09-04,10156.89,381.26
2020-09-03,11385.84,439.8
2020-09-02,11921.44,475.95
2020-09-01,11650.0,433.71
2020-08-31,11714.59,429.24
2020-08-30,11468.31,398.56
2020-08-29,11521.49,395.28
2020-08-28,11328.73,383.2
2020-08-27,11460.7,385.64
2020-08-26,11323.25,383.02
2020-08-25,11749.28,407.92
2020-08-24,11647.23,390.88
2020-08-23,11667.37,396.0
2020-08-22,11527.48,387.53
2020-08-21,11856.72,415.76
2020-08-20,11750.0,407.64
2020-08-19,11950.0,422.01
2020-08-18,12282.77,430.65
2020-08-17,11907.77,433.7
2020-08-16,11851.32,432.2
2020-08-15,11755.71,437.88
2020-08-14,11774.9,424.14
2020-08-13,11565.68,387.03
2020-08-12,11395.54,379.59
2020-08-11,11890.0,395.7
2020-08-10,11681.38,390.1
2020-08-09,11760.46,397.03
2020-08-08,11594.2,379.28
2020-08-07,11762.87,394.88
2020-08-06,11741.2,400.72
2020-08-05,11190.42,389.44
2020-08-04,11223.0,385.8
2020-08-03,11069.0,372.3
2020-08-02,11805.56,386.93
2020-08-01,11336.34,346.41
2020-07-31,11098.89,334.76
2020-07-30,11101.04,317.72
2020-07-29,10907.16,316.63
2020-07-28,11024.05,321.73
2020-07-27,9928.99,311.07
2020-07-26,9700.23,305.22
2020-07-25,9539.55,279.15
2020-07-24,9603.84,275.39
2020-07-23,9515.22,263.62
2020-07-22,9384.0,245.5
2020-07-21,9160.31,236.02
2020-07-20,9208.27,238.79
2020-07-19,9170.5,235.55
2020-07-18,9156.16,232.77
2020-07-17,9133.92,233.58
2020-07-16,9198.95,238.65
2020-07-15,9255.27,240.43
2020-07-14,9241.94,239.65
2020-07-13,9296.27,242.64
2020-07-12,9233.2,239.11
2020-07-11,9282.78,240.9
2020-07-10,9239.35,242.08
2020-07-09,9437.2,247.04
2020-07-08,9254.85,239.4
2020-07-07,9344.66,241.53
2020-07-06,9074.0,227.62
2020-07-05,9133.71,229.21
2020-07-04,9062.04,224.95
2020-07-03,9085.52,226.43
2020-07-02,9230.37,230.85
2020-07-01,9135.74,225.6
2020-06-30,9188.92,227.95
2020-06-29,9113.19,225.0
2020-06-28,9010.89,220.89
2020-06-27,9164.52,229.64
2020-06-26,9251.72,232.44
2020-06-25,9296.95,234.72
2020-06-24,9623.96,243.16
2020-06-23,9682.74,243.16
2020-06-22,9296.85,228.02
2020-06-21,9359.14,228.79
2020-06-20,9306.48,228.91
2020-06-19,9386.03,231.25
2020-06-18,9463.58,233.81
2020-06-17,9523.53,235.18
2020-06-16,9423.98,230.65
2020-06-15,9339.94,231.74
2020-06-14,9474.57,238.07
2020-06-13,9463.7,237.62
2020-06-12,9276.38,230.43
2020-06-11,9882.68,247.9
2020-06-10,9774.31,243.89
2020-06-09,9779.0,246.45
2020-06-08,9745.97,244.58
2020-06-07,9673.85,241.99
2020-06-06,9622.72,240.16
2020-06-05,9794.77,243.3
2020-06-04,9667.14,244.52
2020-06-03,9524.0,237.78
2020-06-02,10179.33,247.81
2020-06-01,9452.05,231.68
2020-05-31,9695.06,243.57
2020-05-30,9418.95,220.55
2020-05-29,9575.0,220.36
2020-05-28,9200.77,208.26
2020-05-27,8844.25,200.99
2020-05-26,8898.7,204.07
2020-05-25,8719.15,199.63
2020-05-24,9180.26,206.64
2020-05-23,9167.65,207.27
2020-05-22,9068.43,198.71
2020-05-21,9511.35,209.87
2020-05-20,9771.42,214.5
2020-05-19,9733.08,214.87
2020-05-18,9676.36,207.06
2020-05-17,9379.48,200.46
2020-05-16,9318.18,194.81
2020-05-15,9792.07,203.13
2020-05-14,9305.0,199.61
2020-05-13,8814.02,189.85
2020-05-12,8559.79,185.67
2020-05-11,8727.85,187.59
2020-05-10,9541.84,210.17
2020-05-09,9801.29,211.45
2020-05-08,9978.85,211.8
2020-05-07,9150.85,199.08
2020-05-06,9021.23,205.35
2020-05-05,8870.71,206.59
2020-05-04,8891.75,209.81
2020-05-03,8971.71,213.7
2020-05-02,8822.75,212.07
2020-05-01,8624.96,206.35
2020-04-30,8777.19,215.35
2020-04-29,7741.74,196.37
2020-04-28,7773.24,196.43
2020-04-27,7694.63,197.52
2020-04-26,7538.72,194.29
2020-04-25,7502.9,187.45
2020-04-24,7553.06,188.8
2020-04-23,7124.34,182.7
2020-04-22,6842.94,170.72
2020-04-21,6829.13,170.35
2020-04-20,7122.58,180.02
2020-04-19,7249.38,187.43
2020-04-18,7027.97,170.7
2020-04-17,7102.97,172.28
2020-04-16,6621.15,152.88
2020-04-15,6868.27,158.46
2020-04-14,6837.44,156.36
2020-04-13,6902.93,158.41
2020-04-12,6877.57,158.35
2020-04-11,6860.68,157.88
2020-04-10,7285.29,169.73
2020-04-09,7359.4,172.95
2020-04-08,7201.54,164.65
2020-04-07,7332.38,171.21
2020-04-06,6770.83,142.61
2020-04-05,6859.08,144.13
2020-04-04,6737.35,141.37
2020-04-03,6793.96,141.4
2020-04-02,6644.0,135.68
2020-04-01,6410.98,132.87
2020-03-31,6393.92,132.06
2020-03-30,5879.98,124.5
2020-03-29,6236.91,130.99
2020-03-28,6364.22,131.38
2020-03-27,6736.74,138.51
2020-03-26,6680.56,136.0
2020-03-25,6747.41,138.48
2020-03-24,6470.6,135.96
2020-03-23,5826.41,122.45
2020-03-22,6186.69,132.53
2020-03-21,6208.75,133.31
2020-03-20,6166.85,136.66
2020-03-19,5390.16,118.13
2020-03-18,5317.99,115.54
2020-03-17,5023.98,110.98
2020-03-16,5364.3,123.86
2020-03-15,5186.35,122.58
2020-03-14,5570.05,134.0
2020-03-13,4791.03,108.15
2020-03-12,7933.54,194.51
2020-03-11,7891.26,200.55
2020-03-10,7930.3,202.9
2020-03-09,8032.02,198.65
2020-03-08,8891.52,237.25
2020-03-07,9132.39,244.88
2020-03-06,9056.83,228.54
2020-03-05,8752.17,224.34
2020-03-04,8753.6,223.84
2020-03-03,8909.0,231.81
2020-03-02,8531.55,217.73
2020-03-01,8527.17,217.48
2020-02-29,8695.0,226.85
2020-02-28,8818.99,227.55
2020-02-27,8789.23,223.85
2020-02-26,9318.25,246.78
2020-02-25,9659.13,265.57
2020-02-24,9936.96,274.64
2020-02-23,9653.45,261.62
2020-02-22,9679.2,265.21
2020-02-21,9597.94,257.16
2020-02-20,9599.3,258.6
2020-02-19,10159.91,282.62
2020-02-18,9693.36,267.8
2020-02-17,9919.6,259.06
2020-02-16,9907.48,264.76
2020-02-15,10341.09,285.44
2020-02-14,10231.59,268.51
2020-02-13,10329.17,265.77
2020-02-12,10222.69,236.74
2020-02-11,9846.82,223.23
2020-02-10,10155.5,228.66
2020-02-09,9893.33,223.17
2020-02-08,9815.22,223.5
2020-02-07,9770.62,213.19
2020-02-06,9609.61,203.72
2020-02-05,9194.56,188.94
2020-02-04,9296.35,189.82
2020-02-03,9334.57,188.47
2020-02-02,9385.38,183.68
2020-02-01,9351.06,179.98
2020-01-31,9513.1,184.72
2020-01-30,9304.27,173.84
2020-01-29,9383.17,175.8
2020-01-28,8910.59,170.03
2020-01-27,8614.72,167.92
2020-01-26,8342.55,160.39
2020-01-25,8441.25,162.64
2020-01-24,8405.69,162.8
2020-01-23,8683.45,168.07
2020-01-22,8735.77,169.48
2020-01-21,8642.96,166.86
2020-01-20,8704.18,166.81
2020-01-19,8916.54,174.11
2020-01-18,8912.82,169.93
2020-01-17,8724.53,164.09
2020-01-16,8825.81,166.31
2020-01-15,8815.81,165.81
2020-01-14,8108.03,143.55
2020-01-13,8182.7,146.54
2020-01-12,8022.57,142.54
2020-01-11,8194.15,144.87
2020-01-10,7821.52,137.83
2020-01-09,8052.34,140.6
2020-01-08,8150.73,142.87
2020-01-07,7756.35,144.18
2020-01-06,7359.67,135.42
2020-01-05,7352.47,134.17
2020-01-04,7344.84,134.55
2020-01-03,6965.97,127.21
2020-01-02,7201.56,130.67
2020-01-01,7193.74,129.14
2019-12-31,7247.3,131.62
2019-12-30,7388.0,134.41
2019-12-29,7312.4,128.1
2019-12-28,7252.84,126.29
2019-12-27,7203.9,125.72
2019-12-26,7204.73,125.15
2019-12-25,7261.88,127.76
2019-12-24,7319.38,127.91
2019-12-23,7495.0,132.03
2019-12-22,7134.4,127.03
2019-12-21,7188.9,128.22
2019-12-20,7152.25,128.14
2019-12-19,7276.5,132.71
2019-12-18,6619.33,121.98
2019-12-17,6895.7,132.75
2019-12-16,7118.25,142.52
2019-12-15,7063.74,141.85
2019-12-14,7254.9,144.83
2019-12-13,7197.4,144.88
2019-12-12,7210.27,143.33
2019-12-11,7224.05,145.51
2019-12-10,7342.43,147.38
2019-12-09,7509.04,150.45
2019-12-08,7488.28,147.11
2019-12-07,7527.6,148.5
2019-12-06,7389.37,147.96
2019-12-05,7187.9,145.3
2019-12-04,7291.5,147.26
2019-12-03,7304.89,148.87
2019-12-02,7393.85,150.81
2019-12-01,7541.48,151.63
2019-11-30,7741.47,154.46
2019-11-29,7418.36,150.8
2019-11-28,7508.9,152.49
2019-11-27,7154.9,147.49
2019-11-26,7107.69,145.61
2019-11-25,6889.01,140.09
2019-11-24,7310.92,151.67
2019-11-23,7265.7,149.58
2019-11-22,7630.42,161.08
2019-11-21,8096.8,174.71
2019-11-20,8129.41,175.78
2019-11-19,8190.3,178.42
2019-11-18,8502.2,183.81
2019-11-17,8490.8,182.47
2019-11-16,8471.0,180.08
2019-11-15,8653.74,184.84
2019-11-14,8775.51,188.18
2019-11-13,8827.51,187.13
2019-11-12,8735.8,185.03
2019-11-11,9033.96,189.01
2019-11-10,8807.79,184.89
2019-11-09,8776.0,183.87
2019-11-08,9213.69,186.7
2019-11-07,9342.3,191.08
2019-11-06,9309.57,188.81
2019-11-05,9390.77,185.72
2019-11-04,9197.62,181.67
2019-11-03,9289.28,182.85
2019-11-02,9222.16,182.92
2019-11-01,9141.9,182.13
2019-10-31,9157.05,183.18
2019-10-30,9409.43,190.86
2019-10-29,9212.05,181.53
2019-10-28,9525.42,184.11
2019-10-27,9230.62,179.48
2019-10-26,8656.99,181.4
2019-10-25,7415.0,160.13
2019-10-24,7465.13,162.37
2019-10-23,8022.15,171.16
2019-10-22,8199.04,173.99
2019-10-21,8221.12,174.85
2019-10-20,7952.26,171.64
2019-10-19,7949.73,172.69
2019-10-18,8072.71,177.1
2019-10-17,8000.03,174.45
2019-10-16,8163.16,180.43
2019-10-15,8345.09,186.4
2019-10-14,8281.87,181.1
2019-10-13,8301.78,179.64
2019-10-12,8235.85,180.25
2019-10-11,8556.34,191.09
2019-10-10,8557.65,192.69
2019-10-09,8168.3,180.56
2019-10-08,8188.97,179.88
2019-10-07,7862.0,170.4
2019-10-06,8123.71,176.17
2019-10-05,8135.76,175.45
2019-10-04,8214.26,174.63
2019-10-03,8357.9,180.21
2019-10-02,8299.9,175.88
2019-10-01,8280.47,180.55
2019-09-30,8049.35,169.32
2019-09-29,8205.9,174.0
2019-09-28,8166.61,173.4
2019-09-27,8037.41,165.67
2019-09-26,8433.33,169.61
2019-09-25,8501.53,165.83
2019-09-24,9697.2,200.94
2019-09-23,10028.28,211.15
2019-09-22,9984.53,215.32
2019-09-21,10163.24,218.5
2019-09-20,10243.92,220.0
2019-09-19,10164.36,210.01
2019-09-18,10187.81,207.96
2019-09-17,10258.2,197.56
2019-09-16,10295.88,189.39
2019-09-15,10336.6,188.25
2019-09-14,10344.79,181.02
2019-09-13,10394.19,180.78
2019-09-12,10158.13,178.36
2019-09-11,10114.97,180.06
2019-09-10,10309.55,180.58
2019-09-09,10394.76,181.54
2019-09-08,10464.39,177.83
2019-09-07,10301.66,169.28
2019-09-06,10567.45,174.19
2019-09-05,10558.4,173.77
2019-09-04,10568.01,178.09
2019-09-03,10346.19,178.14
2019-09-02,9724.73,170.55
2019-09-01,9591.2,171.72
2019-08-31,9579.88,168.28
2019-08-30,9485.99,168.93
2019-08-29,9740.1,173.25
2019-08-28,10182.12,187.23
2019-08-27,10373.47,188.75
2019-08-26,10136.98,186.86
2019-08-25,10120.02,190.53
2019-08-24,10383.75,193.65
2019-08-23,10103.61,190.7
2019-08-22,10134.37,187.28
2019-08-21,10747.13,196.55
2019-08-20,10915.76,202.14
2019-08-19,10315.0,194.32
2019-08-18,10214.13,185.61
2019-08-17,10349.64,184.82
2019-08-16,10311.39,188.11
2019-08-15,10052.18,187.11
2019-08-14,10885.79,209.46
2019-08-13,11387.07,211.71
2019-08-12,11539.27,216.02
2019-08-11,11318.0,206.81
2019-08-10,11872.05,210.64
2019-08-09,11985.13,221.11
2019-08-08,11954.01,226.25
2019-08-07,11490.34,226.51
2019-08-06,11816.22,233.37
2019-08-05,10936.97,221.87
2019-08-04,10814.35,221.38
2019-08-03,10524.01,217.39
2019-08-02,10373.0,216.82
2019-08-01,10074.99,218.24
2019-07-31,9579.0,210.06
2019-07-30,9512.99,211.18
2019-07-29,9530.14,211.15
2019-07-28,9469.68,207.63
2019-07-27,9824.55,219.07
2019-07-26,9881.18,218.89
2019-07-25,9761.78,216.67
2019-07-24,9868.88,212.53
2019-07-23,10344.18,217.32
2019-07-22,10582.13,226.21
2019-07-21,10750.05,228.08
2019-07-20,10512.16,220.35
2019-07-19,10622.75,225.78
2019-07-18,9666.9,210.11
2019-07-17,9403.62,198.73
2019-07-16,10836.9,228.27
2019-07-15,10187.72,226.1
2019-07-14,11384.47,269.25
2019-07-13,11755.15,274.57
2019-07-12,11337.19,268.5
2019-07-11,12116.93,289.14
2019-07-10,12560.61,307.94
2019-07-09,12260.11,312.29
2019-07-08,11415.17,305.23
2019-07-07,11265.41,288.3
2019-07-06,10966.5,287.32
2019-07-05,11160.95,283.37
2019-07-04,11933.0,301.08
2019-07-03,10836.18,291.41
2019-07-02,10623.97,295.11
2019-07-01,10838.64,292.47
2019-06-30,11917.38,318.07
2019-06-29,12411.32,311.84
2019-06-28,11307.52,298.24
2019-06-27,13101.49,339.64
2019-06-26,11814.85,318.69
2019-06-25,11048.63,311.7
2019-06-24,10899.96,309.03
2019-06-23,10729.36,310.07
2019-06-22,10177.25,295.22
2019-06-21,9520.18,271.76
2019-06-20,9250.0,267.73
2019-06-19,9076.41,263.98
2019-06-18,9310.42,273.6
2019-06-17,8968.92,268.02
2019-06-16,8809.27,268.23
2019-06-15,8673.2,263.06
2019-06-14,8210.0,254.08
2019-06-13,8130.0,261.21
2019-06-12,7887.57,244.35
2019-06-11,7988.74,246.69
2019-06-10,7640.6,231.77
2019-06-09,7895.0,243.11
2019-06-08,7994.0,248.91
2019-06-07,7784.81,248.5
2019-06-06,7773.5,245.9
2019-06-05,7691.49,241.38
2019-06-04,8118.44,250.17
2019-06-03,8724.49,269.18
2019-06-02,8542.76,263.72
2019-06-01,8549.99,268.19
2019-05-31,8275.25,254.47
2019-05-30,8653.0,268.51
2019-05-29,8722.19,270.92
2019-05-28,8750.08,270.88
2019-05-27,8622.61,265.5
2019-05-26,8036.47,250.67
2019-05-25,7975.29,248.48
2019-05-24,7847.22,244.63
2019-05-23,7628.8,244.53
2019-05-22,7903.16,253.69
2019-05-21,7924.87,250.7
2019-05-20,8163.01,260.98
2019-05-19,7267.63,233.8
2019-05-18,7352.42,244.37
2019-05-17,7873.94,263.73
2019-05-16,8169.89,248.18
2019-05-15,8000.0,218.02
2019-05-14,7811.96,196.32
2019-05-13,6980.59,188.44
2019-05-12,7215.08,192.78
2019-05-11,6382.1,172.99
2019-05-10,6174.7,170.67
2019-05-09,5982.9,170.34
2019-05-08,5846.0,169.18
2019-05-07,5744.28,172.68
2019-05-06,5776.39,163.36
2019-05-05,5842.8,163.68
2019-05-04,5771.5,167.62
2019-05-03,5500.47,162.7
2019-05-02,5395.6,160.2
2019-05-01,5321.4,161.52
2019-04-30,5242.42,155.1
2019-04-29,5314.3,157.93
2019-04-28,5296.33,159.43
2019-04-27,5312.71,157.57
2019-04-26,5229.55,154.81
2019-04-25,5409.03,164.71
2019-04-24,5494.45,169.36
2019-04-23,5364.94,170.36
2019-04-22,5258.96,168.61
2019-04-21,5289.87,172.88
2019-04-20,5260.86,172.65
2019-04-19,5260.81,173.22
2019-04-18,5203.19,165.94
2019-04-17,5176.52,165.63
2019-04-16,5032.75,160.37
2019-04-15,5126.69,167.24
2019-04-14,5049.61,163.38
2019-04-13,5053.22,163.82
2019-04-12,5022.1,164.42
2019-04-11,5309.45,177.2
2019-04-10,5154.13,174.83
2019-04-09,5240.22,178.95
2019-04-08,5174.94,174.3
2019-04-07,5051.07,165.38
2019-04-06,5005.5,164.9
2019-04-05,4890.34,157.09
2019-04-04,4939.9,159.73
2019-04-03,4861.42,163.72
2019-04-02,4145.0,141.53
2019-04-01,4104.76,141.5
2019-03-31,4105.3,142.4
2019-03-30,4104.6,143.3
2019-03-29,4028.51,137.83
2019-03-28,4045.47,139.04
2019-03-27,3946.36,134.13
2019-03-26,3944.0,134.05
2019-03-25,3991.51,136.26
2019-03-24,4003.8,137.15
2019-03-23,3988.04,136.02
2019-03-22,3982.46,134.69
2019-03-21,4040.68,139.0
2019-03-20,4015.61,138.64
2019-03-19,3988.51,137.42
2019-03-18,3986.4,138.7
2019-03-17,4005.55,141.1
2019-03-16,3922.89,136.39
2019-03-15,3877.32,132.2
2019-03-14,3866.07,131.93
2019-03-13,3881.3,133.6
2019-03-12,3874.37,132.42
2019-03-11,3921.11,135.43
2019-03-10,3940.29,137.05
2019-03-09,3860.21,133.29
2019-03-08,3877.51,136.67
2019-03-07,3861.94,137.29
2019-03-06,3859.06,136.84
2019-03-05,3719.22,125.74
2019-03-04,3807.08,130.34
2019-03-03,3823.86,132.23
2019-03-02,3827.15,135.28
2019-03-01,3820.79,135.46
2019-02-28,3816.22,134.7
2019-02-27,3811.29,136.45
2019-02-26,3826.98,137.83
2019-02-25,3750.94,132.55
2019-02-24,4112.11,157.91
2019-02-23,3966.3,147.43
2019-02-22,3940.08,146.21
2019-02-21,3970.75,148.81
2019-02-20,3914.72,143.65
2019-02-19,3902.34,145.67
2019-02-18,3669.67,133.88
2019-02-17,3620.21,122.84
2019-02-16,3605.31,121.42
2019-02-15,3591.15,120.35
2019-02-14,3609.18,122.04
2019-02-13,3633.8,122.51
2019-02-12,3633.54,120.78
2019-02-11,3676.8,125.6
2019-02-10,3669.51,119.67
2019-02-09,3660.0,119.23
2019-02-08,3399.38,104.26
2019-02-07,3407.5,104.49
2019-02-06,3470.4,107.33
2019-02-05,3463.47,107.7
2019-02-04,3455.01,107.33
2019-02-03,3507.75,110.45
2019-02-02,3468.02,106.96
2019-02-01,3430.17,106.53
2019-01-31,3460.78,108.45
2019-01-30,3408.11,104.76
2019-01-29,3440.72,105.44
2019-01-28,3553.22,112.16
2019-01-27,3568.83,115.38
2019-01-26,3566.73,115.38
2019-01-25,3567.64,116.32
2019-01-24,3551.08,116.3
2019-01-23,3571.04,117.97
2019-01-22,3530.45,115.85
2019-01-21,3535.36,117.44
2019-01-20,3669.29,122.74
2019-01-19,3597.0,119.06
2019-01-18,3618.11,121.73
2019-01-17,3589.4,121.37
2019-01-16,3553.9,119.44
2019-01-15,3628.0,126.61
2019-01-14,3474.79,114.29
2019-01-13,3582.25,123.26
2019-01-12,3600.0,124.65
2019-01-11,3586.28,125.25
2019-01-10,3965.47,148.31
2019-01-09,3954.34,147.51
2019-01-08,3974.89,149.43
2019-01-07,3988.0,154.18
2019-01-06,3775.81,153.03
2019-01-05,3794.9,152.02
2019-01-04,3761.86,146.25
2019-01-03,3858.9,152.0
2019-01-02,3795.56,138.49
2019-01-01,3696.22,131.39
2018-12-31,3798.24,137.45
2018-12-30,3691.75,132.84
2018-12-29,3840.41,134.97
2018-12-28,3565.27,113.4
2018-12-27,3779.91,129.27
2018-12-26,3740.68,127.44
2018-12-25,4010.27,138.47
2018-12-24,3929.1,129.16
2018-12-23,3948.86,115.24
2018-12-22,3836.54,107.58
2018-12-21,4050.65,113.88
2018-12-20,3667.66,98.83
2018-12-19,3650.81,100.37
2018-12-18,3505.4,94.19
2018-12-17,3223.74,84.5
2018-12-16,3216.14,83.92
2018-12-15,3221.66,83.87
2018-12-14,3301.06,86.27
2018-12-13,3445.92,89.21
2018-12-12,3380.0,87.81
2018-12-11,3441.27,89.97
2018-12-10,3549.01,93.45
2018-12-09,3409.25,90.45
2018-12-08,3401.59,93.1
2018-12-07,3508.72,91.04
2018-12-06,3769.81,102.45
2018-12-05,3955.57,109.6
2018-12-04,3890.35,109.14
2018-12-03,4162.65,116.51
2018-12-02,4193.06,118.7
2018-12-01,4040.86,113.97
2018-11-30,4291.08,118.45
2018-11-29,4268.44,122.94
2018-11-28,3880.05,111.56
2018-11-27,3850.22,110.59
2018-11-26,4100.94,118.48
2018-11-25,3933.18,115.0
2018-11-24,4421.0,125.3
2018-11-23,4360.14,126.77
2018-11-22,4667.0,138.15
2018-11-21,4570.35,134.34
2018-11-20,4925.55,150.86
2018-11-19,5659.34,179.0
2018-11-18,5630.39,176.11
2018-11-17,5648.69,176.98
2018-11-16,5744.8,184.72
2018-11-15,5909.43,187.77
2018-11-14,6467.66,210.05
2018-11-13,6453.58,213.03
2018-11-12,6457.3,213.38
2018-11-11,6437.42,213.18
2018-11-10,6419.7,210.94
2018-11-09,6480.23,213.03
2018-11-08,6575.4,218.9
2018-11-07,6518.77,220.96
2018-11-06,6471.39,210.74
2018-11-05,6482.0,212.16
2018-11-04,6387.1,200.07
2018-11-03,6435.41,202.22
2018-11-02,6405.27,199.67
2018-11-01,6376.3,198.47
2018-10-31,6332.24,197.36
2018-10-30,6375.45,197.76
2018-10-29,6495.0,205.5
2018-10-28,6502.28,204.28
2018-10-27,6540.0,204.71
2018-10-26,6539.0,204.67
2018-10-25,6561.47,205.45
2018-10-24,6556.15,205.9
2018-10-23,6581.55,206.45
2018-10-22,6592.25,207.22
2018-10-21,6592.94,208.39
2018-10-20,6528.14,204.73
2018-10-19,6610.0,206.47
2018-10-18,6739.75,213.44
2018-10-17,6758.75,215.5
2018-10-16,6750.0,214.39
2018-10-15,6342.37,196.94
2018-10-14,6329.23,201.22
2018-10-13,6304.11,197.25
2018-10-12,6250.28,191.75
2018-10-11,6630.2,226.76
2018-10-10,6654.92,228.66
2018-10-09,6674.06,230.34
2018-10-08,6607.94,226.33
2018-10-07,6600.18,225.41
2018-10-06,6642.91,228.15
2018-10-05,6600.61,222.49
2018-10-04,6503.93,220.69
2018-10-03,6541.6,226.03
2018-10-02,6607.8,231.54
2018-10-01,6620.0,232.31
2018-09-30,6597.37,231.71
2018-09-29,6641.01,221.77
2018-09-28,6692.52,229.38
2018-09-27,6465.05,214.42
2018-09-26,6440.89,219.32
2018-09-25,6590.24,228.1
2018-09-24,6711.95,245.02
2018-09-23,6731.0,240.59
2018-09-22,6757.43,247.64
2018-09-21,6492.04,223.94
2018-09-20,6383.94,209.66
2018-09-19,6336.19,208.84
2018-09-18,6253.28,196.21
2018-09-17,6500.08,220.01
2018-09-16,6516.58,222.38
2018-09-15,6484.08,209.0
2018-09-14,6488.38,211.03
2018-09-13,6338.41,182.91
2018-09-12,6291.15,185.23
2018-09-11,6312.83,197.26
2018-09-10,6247.79,195.35
2018-09-09,6181.88,197.08
2018-09-08,6388.74,215.37
2018-09-07,6510.0,229.71
2018-09-06,6700.0,229.4
2018-09-05,7359.09,285.55
2018-09-04,7267.45,289.39
2018-09-03,7300.0,294.97
2018-09-02,7202.0,295.41
2018-09-01,7026.53,281.51
2018-08-31,6992.11,283.5
2018-08-30,7032.12,288.24
2018-08-29,7076.19,295.78
2018-08-28,6905.0,287.8
2018-08-27,6713.15,274.39
2018-08-26,6726.09,277.87
2018-08-25,6685.52,281.1
2018-08-24,6530.62,276.0
2018-08-23,6354.77,269.43
2018-08-22,6468.94,279.98
2018-08-21,6250.0,270.9
2018-08-20,6487.47,300.01
2018-08-19,6388.0,293.31
2018-08-18,6579.0,317.47
2018-08-17,6312.9,286.77
2018-08-16,6265.66,281.22
2018-08-15,6189.73,277.7
2018-08-14,6248.0,283.77
2018-08-13,6310.79,317.65
2018-08-12,6220.0,317.78
2018-08-11,6147.0,332.0
2018-08-10,6526.34,363.35
2018-08-09,6278.64,354.6
2018-08-08,6712.0,378.31
2018-08-07,6928.5,404.9
2018-08-06,7034.2,408.11
2018-08-05,7005.0,406.4
2018-08-04,7411.22,417.83
2018-08-03,7536.86,410.69
2018-08-02,7616.02,419.7
2018-08-01,7731.55,432.27
2018-07-31,8178.05,457.0
2018-07-30,8221.15,466.76
2018-07-29,8218.0,468.19
2018-07-28,8185.48,470.28
2018-07-27,7938.0,462.92
2018-07-26,8173.04,472.0
2018-07-25,8410.0,480.0
2018-07-24,7720.0,450.31
2018-07-23,7405.0,458.04
2018-07-22,7411.41,461.1
2018-07-21,7340.58,448.83
2018-07-20,7475.19,469.04
2018-07-19,7372.78,478.86
2018-07-18,7320.51,498.73
2018-07-17,6735.0,478.24
2018-07-16,6343.14,449.81
2018-07-15,6253.62,434.13
2018-07-14,6218.64,431.99
2018-07-13,6245.0,430.9
2018-07-12,6374.0,445.24
2018-07-11,6298.0,432.92
2018-07-10,6654.5,470.89
2018-07-09,6703.52,485.93
2018-07-08,6760.0,485.95
2018-07-07,6605.0,469.35
2018-07-06,6532.22,467.26
2018-07-05,6585.6,467.33
2018-07-04,6497.66,462.31
2018-07-03,6614.23,475.71
2018-07-02,6348.8,452.73
2018-07-01,6390.52,455.2
2018-06-30,6197.5,433.85
2018-06-29,5873.0,421.15
2018-06-28,6137.87,441.72
2018-06-27,6078.4,430.7
2018-06-26,6240.0,459.23
2018-06-25,6151.81,456.07
2018-06-24,6164.34,474.83
2018-06-23,6041.67,461.1
2018-06-22,6712.63,526.05
2018-06-21,6753.0,535.46
2018-06-20,6746.0,537.61
2018-06-19,6714.49,518.8
2018-06-18,6442.0,496.58
2018-06-17,6483.84,496.33
2018-06-16,6376.15,486.68
2018-06-15,6626.93,518.63
2018-06-14,6292.3,476.14
2018-06-13,6540.0,495.59
2018-06-12,6874.6,531.14
2018-06-11,6763.91,524.38
2018-06-10,7490.0,592.44
2018-06-09,7610.62,599.24
2018-06-08,7694.09,605.56
2018-06-07,7650.0,605.91
2018-06-06,7622.73,608.76
2018-06-05,7487.94,591.4
2018-06-04,7710.0,618.39
2018-06-03,7644.23,590.56
2018-06-02,7530.0,578.58
2018-06-01,7490.0,578.0
2018-05-31,7381.0,557.32
2018-05-30,7456.49,564.73
2018-05-29,7100.0,512.16
2018-05-28,7347.48,571.1
2018-05-27,7331.76,585.26
2018-05-26,7450.0,585.0
2018-05-25,7575.0,602.46
2018-05-24,7509.0,576.38
2018-05-23,7985.23,641.05
2018-05-22,8381.24,696.2
2018-05-21,8525.0,716.01
2018-05-20,8219.5,696.85
2018-05-19,8240.0,693.84
2018-05-18,8050.0,667.2
2018-05-17,8336.8,705.99
2018-05-16,8449.74,705.01
2018-05-15,8671.0,729.93
2018-05-14,8701.61,730.0
2018-05-13,8471.75,682.0
2018-05-12,8385.23,674.71
2018-05-11,9020.0,722.58
2018-05-10,9300.4,749.81
2018-05-09,9201.0,747.02
2018-05-08,9390.0,753.53
2018-05-07,9670.0,795.2
2018-05-06,9878.37,820.58
2018-05-05,9720.0,786.71
2018-05-04,9746.08,780.84
2018-05-03,9245.0,686.16
2018-05-02,9070.97,672.52
2018-05-01,9218.79,671.88
2018-04-30,9423.8,688.72
2018-04-29,9330.76,682.01
2018-04-28,8920.01,641.24
2018-04-27,9286.0,663.69
2018-04-26,8860.02,617.0
2018-04-25,9633.63,705.27
2018-04-24,8934.98,643.79
2018-04-23,8792.0,620.78
2018-04-22,8932.0,605.08
2018-04-21,8860.0,617.0
2018-04-20,8287.0,568.44
2018-04-19,8164.19,524.61
2018-04-18,7891.1,503.0
2018-04-17,8060.0,511.78
2018-04-16,8356.0,533.72
2018-04-15,7996.0,503.0
2018-04-14,7875.0,494.17
2018-04-13,7930.0,495.0
2018-04-12,6966.46,430.0
2018-04-11,6834.0,414.0
2018-04-10,6761.54,398.0
2018-04-09,7030.0,401.51
2018-04-08,6890.0,385.37
2018-04-07,6613.55,369.0
2018-04-06,6775.0,381.5
2018-04-05,6769.95,378.4
2018-04-04,7412.27,415.02
2018-04-03,7058.89,383.55
2018-04-02,6823.02,378.0
2018-04-01,6933.88,393.1
2018-03-31,6837.73,395.0
2018-03-30,7080.4,385.0
2018-03-29,7943.58,445.0
2018-03-28,7782.72,449.0
2018-03-27,8116.52,485.73
2018-03-26,8454.81,523.53
2018-03-25,8533.31,519.0
2018-03-24,8907.7,543.33
2018-03-23,8712.01,537.3
2018-03-22,8905.7,560.95
2018-03-21,8886.89,558.0
2018-03-20,8611.0,555.0
2018-03-19,8200.0,537.0
2018-03-18,7850.0,550.04
2018-03-17,8258.66,601.0
2018-03-16,8259.82,610.0
2018-03-15,8188.0,610.4
2018-03-14,9121.01,687.08
2018-03-13,9101.31,696.1
2018-03-12,9523.53,720.4
2018-03-11,8760.78,678.84
2018-03-10,9230.49,725.12
2018-03-09,9281.94,699.27
2018-03-08,9909.6,750.76
2018-03-07,10734.02,814.15
2018-03-06,11435.0,850.0
2018-03-05,11500.61,865.88
2018-03-04,11441.0,855.84
2018-03-03,11022.24,856.81
2018-03-02,10936.78,871.56
2018-03-01,10322.07,850.0
2018-02-28,10589.17,873.21
2018-02-27,10338.05,865.0
2018-02-26,9559.2,840.48
2018-02-25,9700.0,828.18
2018-02-24,10149.24,857.8
2018-02-23,9845.54,803.1
2018-02-22,10441.06,840.84
2018-02-21,11217.17,882.4
2018-02-20,11156.0,941.64
2018-02-19,10379.0,910.85
2018-02-18,11049.0,971.0
2018-02-17,10161.0,939.0
2018-02-16,10004.0,926.73
2018-02-15,9470.0,918.24
2018-02-14,8500.62,842.79
2018-02-13,8910.0,868.47
2018-02-12,8070.0,811.86
2018-02-11,8560.42,852.79
2018-02-10,8682.31,878.93
2018-02-09,8250.0,815.0
2018-02-08,7568.4,752.0
2018-02-07,7724.0,787.65
2018-02-06,6960.0,701.04
2018-02-05,8168.01,826.0
2018-02-04,9216.41,972.0
2018-02-03,8872.0,928.85
2018-02-02,9199.57,1039.19
2018-02-01,10261.26,1124.16
2018-01-31,10181.54,1076.4
2018-01-30,11227.0,1177.84
2018-01-29,11850.0,1245.0
2018-01-28,11480.56,1113.24
2018-01-27,11079.31,1047.88
2018-01-26,11170.46,1050.32
2018-01-25,11388.8,1062.02
2018-01-24,10807.77,985.85
2018-01-23,10767.0,995.12
2018-01-22,11510.0,1045.83
2018-01-21,12750.17,1148.48
2018-01-20,11410.54,1025.0
2018-01-19,11010.0,996.0
2018-01-18,11036.12,1016.26
2018-01-17,11102.7,1022.9
2018-01-16,13580.0,1275.0
2018-01-15,13560.0,1348.83
2018-01-14,14205.0,1382.0
2018-01-13,13812.53,1259.7
2018-01-12,13291.68,1139.27
2018-01-11,14854.0,1246.45
2018-01-10,14388.06,1276.52
2018-01-09,14922.81,1128.42
2018-01-08,16174.43,1116.63
2018-01-07,17158.73,1003.0
2018-01-06,16924.0,968.43
2018-01-05,15167.63,940.54
2018-01-04,15150.0,940.0
2018-01-03,14738.0,859.6
2018-01-02,13351.74,754.35
2018-01-01,13769.34,736.22
2017-12-31,12351.93,685.57
2017-12-30,14305.53,731.74
2017-12-29,14307.35,710.0
2017-12-28,15370.01,736.2
2017-12-27,15700.09,749.75
2017-12-26,13638.0,711.2
2017-12-25,13517.0,660.0
2017-12-24,13830.0,662.0
2017-12-23,13247.06,633.9
2017-12-22,15293.0,767.28
2017-12-21,16470.0,798.77
2017-12-20,17310.0,799.21
2017-12-19,18930.53,785.0
2017-12-18,18959.2,709.2
2017-12-17,19223.0,684.11
2017-12-16,17540.0,675.56
2017-12-15,16401.53,686.56
2017-12-14,15907.0,680.0
2017-12-13,16228.0,610.0
2017-12-12,16478.96,503.0
2017-12-11,14906.01,428.96
2017-12-10,14690.22,461.05
2017-12-09,15847.68,441.81
2017-12-08,16563.51,413.0
2017-12-07,13580.91,417.37
2017-12-06,11665.14,452.5
2017-12-05,11600.0,464.0
2017-12-04,11175.0,460.0
2017-12-03,10895.79,456.8
2017-12-02,10699.89,453.3
2017-12-01,9907.68,433.0
2017-11-30,9702.0,422.0
2017-11-29,9879.97,465.31
2017-11-28,9711.0,472.6
2017-11-27,9284.34,469.0
2017-11-26,8709.0,461.8
2017-11-25,8198.93,470.9
2017-11-24,8000.0,407.0
2017-11-23,8213.65,379.99
2017-11-22,8107.0,360.4
2017-11-21,8249.0,367.41
2017-11-20,8060.0,355.49
2017-11-19,7770.0,346.7
2017-11-18,7687.51,331.51
2017-11-17,7858.0,330.4
2017-11-16,7275.12,330.92
2017-11-15,6554.92,333.76
2017-11-14,6475.78,313.99
2017-11-13,5835.0,303.0
2017-11-12,6300.0,314.07
2017-11-11,6543.2,297.7
2017-11-10,7020.0,314.5
2017-11-09,7410.0,306.0
2017-11-08,7084.87,291.1
2017-11-07,6929.97,297.09
2017-11-06,7379.17,295.4
2017-11-05,7366.0,299.5
2017-11-04,7124.36,302.12
2017-11-03,7025.0,285.0
2017-11-02,6739.79,288.78
2017-11-01,6450.02,304.5
2017-10-31,6125.0,306.8
2017-10-30,6155.0,304.0
2017-10-29,5719.0,292.92
2017-10-28,5756.51,295.2
2017-10-27,5880.0,295.0
2017-10-26,5709.31,296.96
2017-10-25,5508.76,295.55
2017-10-24,5900.0,284.9
2017-10-23,5963.68,293.9
2017-10-22,6009.34,298.99
2017-10-21,5992.0,303.0
2017-10-20,5696.65,307.19
2017-10-19,5563.0,313.5
2017-10-18,5609.39,316.19
2017-10-17,5765.0,334.72
2017-10-16,5715.0,336.98
2017-10-15,5832.73,339.88
2017-10-14,5646.63,338.0
2017-10-13,5441.55,304.59
2017-10-12,4820.0,302.3
2017-10-11,4770.0,297.6
2017-10-10,4787.66,296.9
2017-10-09,4611.0,310.5
2017-10-08,4440.0,311.5
2017-10-07,4371.64,309.51
2017-10-06,4317.07,294.87
2017-10-05,4213.3,292.0
2017-10-04,4308.88,292.22
2017-10-03,4401.0,297.1
2017-10-02,4412.79,304.6
2017-10-01,4365.0,303.0
2017-09-30,4168.07,293.1
2017-09-29,4190.01,303.2
2017-09-28,4202.0,310.75
2017-09-27,3880.73,288.85
2017-09-26,3925.96,295.0
2017-09-25,3659.45,283.17
2017-09-24,3785.0,286.13
2017-09-23,3590.0,262.07
2017-09-22,3600.0,257.0
2017-09-21,3875.96,284.26
2017-09-20,3900.0,283.01
2017-09-19,4078.0,296.92
2017-09-18,3678.0,257.6
2017-09-17,3686.2,253.74
2017-09-16,3696.0,258.44
2017-09-15,3225.0,222.5
2017-09-14,3864.0,276.5
2017-09-13,4143.79,294.41
2017-09-12,4200.21,297.75
2017-09-11,4230.0,298.24
2017-09-10,4321.06,302.9
2017-09-09,4301.08,305.19
2017-09-08,4613.67,335.0
2017-09-07,4589.01,336.65
2017-09-06,4385.96,316.0
2017-09-05,4209.0,296.51
2017-09-04,4604.23,350.67
2017-09-03,4511.0,344.85
2017-09-02,4899.0,389.49
2017-09-01,4715.15,387.69
2017-08-31,4573.4,383.59
2017-08-30,4590.0,372.61
2017-08-29,4380.01,347.31
2017-08-28,4321.67,347.26
2017-08-27,4354.95,332.5
2017-08-26,4352.0,328.0
2017-08-25,4321.0,325.02
2017-08-24,4136.0,316.5
2017-08-23,4064.52,310.23
2017-08-22,3994.0,321.0
2017-08-21,4074.85,297.5
2017-08-20,4137.62,291.21
2017-08-19,4090.0,291.9
2017-08-18,4262.0,300.01
2017-08-17,4381.0,302.1
2017-08-16,4149.0,285.47
2017-08-15,4310.93,298.06
2017-08-14,4051.7,295.8
2017-08-13,3863.5,307.71
2017-08-12,3641.34,308.52
2017-08-11,3415.87,298.0
2017-08-10,3334.34,293.7
2017-08-09,3411.0,296.43
2017-08-08,3399.0,269.54
2017-08-07,3229.0,264.51
2017-08-06,3256.54,254.09
2017-08-05,2863.01,221.0
2017-08-04,2794.89,224.6
2017-08-03,2699.0,217.5
2017-08-02,2736.48,226.1
2017-08-01,2855.0,200.49
2017-07-31,2753.0,194.73
2017-07-30,2719.0,207.4
2017-07-29,2789.98,191.0
2017-07-28,2670.0,202.8
2017-07-27,2526.35,203.01
2017-07-26,2566.0,203.0
2017-07-25,2769.36,226.8
2017-07-24,2751.43,227.63
2017-07-23,2847.0,232.5
2017-07-22,2666.7,216.57
2017-07-21,2855.0,227.43
2017-07-20,2250.0,194.18
2017-07-19,2300.0,226.0
2017-07-18,2223.4,189.6
2017-07-17,1925.9,156.5
2017-07-16,1977.5,170.01
2017-07-15,2205.91,196.51
2017-07-14,2327.27,204.7
2017-07-13,2375.92,223.5
2017-07-12,2284.0,188.39
2017-07-11,2316.0,201.45
2017-07-10,2473.11,234.7
2017-07-09,2549.27,245.6
2017-07-08,2477.0,237.89
2017-07-07,2589.95,264.87
2017-07-06,2599.0,265.11
2017-07-05,2580.0,266.7
2017-07-04,2536.46,275.0
2017-07-03,2435.14,277.48
2017-07-02,2346.54,254.5
2017-07-01,2423.66,276.0
2017-06-30,2468.47,285.84
2017-06-29,2513.0,312.0
2017-06-28,2510.0,280.0
2017-06-27,2395.29,251.5
2017-06-26,2481.81,275.25
2017-06-25,2503.48,295.99
2017-06-24,2670.0,323.61
2017-06-23,2673.38,321.1
2017-06-22,2620.0,322.5
2017-06-21,2668.0,347.8
2017-06-20,2583.05,357.0
2017-06-19,2492.3,349.0
2017-06-18,2607.15,364.6
2017-06-17,2435.0,348.56
2017-06-16,2374.47,339.0
2017-06-15,2386.78,335.03
2017-06-14,2676.77,382.3
2017-06-13,2571.05,386.5
2017-06-12,2937.1,335.0
2017-06-11,2811.82,326.0
2017-06-10,2816.1,278.85
2017-06-09,2788.0,257.43
2017-06-08,2645.5,250.5
2017-06-07,2846.0,262.0
2017-06-06,2635.36,242.1
2017-06-05,2387.44,241.25
2017-06-03,2408.0,215.4
2017-06-02,2314.6,211.44
2017-06-01,2197.0,217.5
2017-05-31,2140.0,227.0
2017-05-30,2207.0,189.0
2017-05-29,2057.1,162.0
2017-05-28,1972.77,149.9
2017-05-27,2130.83,153.11
2017-05-26,2210.0,164.78
2017-05-25,2389.0,183.79
2017-05-24,2244.89,168.0
2017-05-23,2090.0,155.0
2017-05-22,2031.0,146.4
2017-05-21,2074.61,123.16
2017-05-20,1967.0,124.57
2017-05-19,1942.14,98.4
2017-05-18,1873.0,89.35
2017-05-17,1787.0,88.5
2017-05-16,1771.1,92.1
2017-05-15,1826.0,90.2
2017-05-14,1822.18,90.0
2017-05-13,1735.71,87.0
2017-05-12,1860.1,88.99
2017-05-11,1800.0,88.46
2017-05-10,1758.51,88.49
2017-05-09,1705.67,89.0
2017-05-08,1620.15,94.81
2017-05-07,1598.21,96.6
2017-05-06,1543.4,91.31
2017-05-05,1603.9,99.2
2017-05-04,1615.62,85.8
2017-05-03,1561.91,82.36
2017-05-02,1530.0,81.48
2017-05-01,1435.09,83.6
2017-04-30,1424.64,73.5
2017-04-29,1413.3,75.85
2017-04-28,1439.38,67.99
2017-04-27,1398.63,57.36
2017-04-26,1371.3,53.75
2017-04-25,1347.4,53.47
2017-04-24,1352.19,53.04
2017-04-23,1346.0,52.2
2017-04-22,1328.0,51.49
2017-04-21,1306.65,51.83
2017-04-20,1262.89,49.9
2017-04-19,1268.05,52.49
2017-04-18,1239.0,49.41
2017-04-17,1212.5,49.51
2017-04-16,1194.55,49.47
2017-04-15,1207.51,48.4
2017-04-14,1186.0,50.58
2017-04-13,1227.0,46.91
2017-04-12,1236.0,44.31
2017-04-11,1219.5,44.14
2017-04-10,1216.54,44.0
2017-04-09,1189.69,44.78
2017-04-08,1197.59,42.31
2017-04-07,1193.92,43.34
2017-04-06,1140.0,45.25
2017-04-05,1143.91,44.58
2017-04-04,1151.21,44.17
2017-04-03,1106.63,48.34
2017-04-02,1095.87,50.45
2017-04-01,1081.36,49.65
2017-03-31,1040.6,51.5
2017-03-30,1040.0,52.78
2017-03-29,1042.35,50.2
2017-03-28,1040.25,48.78
2017-03-27,963.05,50.2
2017-03-26,971.95,51.18
2017-03-25,942.51,53.68
2017-03-24,1035.0,43.25
2017-03-23,1037.7,41.36
2017-03-22,1117.98,42.49
2017-03-21,1036.88,42.0
2017-03-20,1015.1,43.28
2017-03-19,966.0,33.98
2017-03-18,1070.0,44.44
2017-03-17,1166.0,45.0
2017-03-16,1255.01,34.95
2017-03-15,1243.22,28.69
2017-03-14,1237.0,28.4
2017-03-13,1224.4,23.24
2017-03-12,1175.01,21.31
2017-03-11,1113.0,19.4
2017-03-10,1192.91,17.73
2017-03-09,1146.0,16.49
2017-03-08,1231.26,18.85
2017-03-07,1274.32,19.46
2017-03-06,1276.0,19.35
2017-03-05,1268.0,18.55
2017-03-04,1287.95,19.42
2017-03-03,1258.43,18.97
2017-03-02,1234.0,17.5
2017-03-01,1185.0,15.8
2017-02-28,1192.2,15.5
2017-02-27,1179.0,14.59
2017-02-26,1153.0,13.57
2017-02-25,1188.11,13.09
2017-02-23,1126.0,12.71
2017-02-22,1127.0,12.79
2017-02-21,1094.71,12.43
2017-02-20,1058.17,12.82
2017-02-19,1057.79,12.81
2017-02-18,1053.67,12.76
2017-02-17,1039.5,12.89
2017-02-16,1015.57,12.99
2017-02-15,1013.0,12.94
2017-02-14,995.12,11.32
2017-02-13,998.0,11.34
2017-02-12,1004.9,11.28
2017-02-11,998.04,11.28
2017-02-10,982.1,10.95
2017-02-09,1054.72,11.35
2017-02-08,1053.75,11.42
2017-02-07,1022.0,11.32
2017-02-06,1010.0,11.12
2017-02-05,1031.19,11.34
2017-02-04,1012.0,10.91
2017-02-03,1005.2,10.79
2017-02-02,985.8,10.7
2017-02-01,967.87,10.68
2017-01-31,918.3,10.52
2017-01-30,914.75,10.44
2017-01-29,919.44,10.54
2017-01-28,916.57,10.46
2017-01-27,914.0,10.63
2017-01-26,892.69,10.48
2017-01-25,890.41,10.51
2017-01-24,919.87,10.75
2017-01-23,920.37,10.64
2017-01-22,925.41,10.94
2017-01-21,897.51,10.58
2017-01-20,898.82,10.36
2017-01-19,874.55,10.17
2017-01-18,904.57,10.22
2017-01-17,828.33,9.57
2017-01-16,820.0,9.78
2017-01-15,816.1,9.63
2017-01-14,825.18,9.65
2017-01-13,816.0,9.72
2017-01-12,789.0,9.69
2017-01-11,908.57,10.58
2017-01-10,907.0,10.3
2017-01-09,908.51,10.38
2017-01-08,899.0,9.91
2017-01-07,888.66,10.04
2017-01-06,989.77,10.16
2017-01-05,1137.0,10.97
2017-01-04,1035.97,9.69
2017-01-03,1018.15,8.34
2017-01-02,998.86,8.22
2017-01-01,965.0,7.98
2016-12-31,962.21,8.15
2016-12-30,976.09,8.23
2016-12-29,981.9,7.52
2016-12-28,930.0,7.15
2016-12-27,905.5,7.26
2016-12-26,896.35,7.19
2016-12-25,892.0,7.25
2016-12-24,916.94,7.13
2016-12-23,859.0,7.65
2016-12-22,826.98,7.89
2016-12-21,801.73,7.57
2016-12-20,792.39,7.6
2016-12-19,790.0,7.85
2016-12-18,792.6,7.7
2016-12-17,784.0,7.82
2016-12-16,779.55,7.77
2016-12-15,778.34,8.29
2016-12-14,781.7,8.37
2016-12-13,779.1,8.5
2016-12-12,768.0,8.21
2016-12-11,774.99,8.13
2016-12-10,769.99,8.53
2016-12-09,770.19,8.27
2016-12-08,767.26,8.34
2016-12-07,757.83,7.69
2016-12-06,754.32,6.69
2016-12-05,770.84,7.54
2016-12-04,766.33,7.92
2016-12-03,776.92,7.73
2016-12-02,752.27,8.49
2016-12-01,741.0,8.58
2016-11-30,730.42,8.2
2016-11-29,730.56,8.65
2016-11-28,727.49,8.81
2016-11-27,736.0,9.24
2016-11-26,740.0,9.43
2016-11-25,737.28,9.11
2016-11-24,740.45,9.72
2016-11-23,748.08,9.78
2016-11-22,737.73,9.65
2016-11-21,733.25,9.59
2016-11-20,754.17,9.65
2016-11-19,751.17,9.53
2016-11-18,736.9,9.94
2016-11-17,743.21,10.0
2016-11-16,713.94,10.24
2016-11-15,704.2,9.95
2016-11-14,702.95,10.1
2016-11-13,705.77,9.91
2016-11-12,717.5,10.35
2016-11-11,716.57,10.6
2016-11-10,725.0,10.73
2016-11-09,712.0,10.9
2016-11-08,707.81,10.88
2016-11-07,714.49,10.97
2016-11-06,707.83,11.18
2016-11-05,706.67,11.13
2016-11-04,688.0,10.83
2016-11-03,737.9,10.92
2016-11-02,736.04,10.81
2016-11-01,700.9,11.02
2016-10-31,700.94,11.33
2016-10-30,718.96,10.33
2016-10-29,690.0,11.14
2016-10-28,684.44,11.42
2016-10-27,675.24,11.5
2016-10-26,654.51,11.39
2016-10-25,655.5,11.98
2016-10-24,658.14,12.09
2016-10-23,663.7,12.31
2016-10-22,632.56,12.12
2016-10-21,633.68,12.06
2016-10-20,629.67,11.95
2016-10-19,637.0,12.51
2016-10-18,639.74,11.97
2016-10-17,645.56,11.95
2016-10-16,640.14,12.03
2016-10-15,639.6,11.92
2016-10-14,639.38,12.07
2016-10-13,638.0,11.71
2016-10-12,641.69,11.7
2016-10-11,619.4,11.71
2016-10-10,616.47,12.0
2016-10-09,619.0,12.27
2016-10-08,618.51,12.75
2016-10-07,612.5,12.85
2016-10-06,614.15,13.06
2016-10-05,609.55,13.21
2016-10-04,613.0,13.47
2016-10-03,611.35,13.17
2016-10-02,615.32,13.24
2016-10-01,611.22,13.25
2016-09-30,607.03,13.11
2016-09-29,605.64,13.26
2016-09-28,605.2,13.04
2016-09-27,610.0,12.85
2016-09-26,601.6,13.05
2016-09-25,603.02,12.82
2016-09-24,603.22,13.32
2016-09-23,598.15,13.24
2016-09-22,596.75,13.75
2016-09-21,612.13,14.42
2016-09-20,612.27,12.98
2016-09-19,614.0,12.26
2016-09-18,606.9,12.74
2016-09-17,610.76,12.66
2016-09-16,612.6,12.06
2016-09-15,613.31,12.05
2016-09-14,615.98,11.99
2016-09-13,611.97,11.92
2016-09-12,610.51,11.64
2016-09-11,626.2,12.1
2016-09-10,627.0,11.66
2016-09-09,630.69,11.46
2016-09-08,619.1,11.63
2016-09-07,615.25,11.78
2016-09-06,611.76,11.88
2016-09-05,613.95,11.74
2016-09-04,607.75,11.94
2016-09-03,579.08,12.1
2016-09-02,573.99,12.2
2016-09-01,575.02,11.6
2016-08-31,579.96,11.32
2016-08-30,576.91,10.99
2016-08-29,572.52,10.89
2016-08-28,566.0,11.25
2016-08-27,577.7,11.3
2016-08-26,577.0,11.35
2016-08-25,580.38,11.05
2016-08-24,582.25,10.96
2016-08-23,589.03,11.14
2016-08-22,581.0,11.18
2016-08-21,584.02,11.26
2016-08-20,575.99,10.77
2016-08-19,573.43,10.75
2016-08-18,570.02,10.79
2016-08-17,578.68,11.14
2016-08-16,567.32,11.11
2016-08-15,567.19,11.09
2016-08-14,583.95,11.51
2016-08-13,588.72,11.75
2016-08-12,587.5,11.65
2016-08-11,595.22,12.34
2016-08-10,602.63,12.45
2016-08-09,593.52,11.4
2016-08-08,603.1,11.06
2016-08-07,584.85,10.89
2016-08-06,574.3,10.94
2016-08-05,583.0,11.22
2016-08-04,565.48,10.15
2016-08-03,498.08,8.17
2016-08-02,606.01,11.03
2016-08-01,625.4,11.88
2016-07-31,656.58,12.55
2016-07-30,661.29,12.8
2016-07-29,655.9,12.97
2016-07-28,657.3,13.04
2016-07-27,655.1,12.0
2016-07-26,651.13,13.8
2016-07-25,663.5,12.72
2016-07-24,656.42,14.23
2016-07-23,644.16,14.75
2016-07-22,666.61,12.5
2016-07-21,666.0,12.46
2016-07-20,674.53,11.68
2016-07-19,677.0,11.04
2016-07-18,680.0,11.28
2016-07-17,667.57,11.73
2016-07-16,670.46,11.98
2016-07-15,659.51,11.55
2016-07-14,665.86,10.56
2016-07-13,677.49,10.57
2016-07-12,649.0,10.59
2016-07-11,647.9,10.96
2016-07-10,653.0,10.99
2016-07-09,667.0,11.13
2016-07-08,637.3,10.14
2016-07-07,673.42,10.44
2016-07-06,665.46,10.5
2016-07-05,678.0,11.41
2016-07-04,664.39,11.87
2016-07-03,701.31,12.18
2016-07-02,676.9,12.38
2016-07-01,673.1,12.44
2016-06-30,641.5,12.76
2016-06-29,644.15,12.17
2016-06-28,648.5,13.89
2016-06-27,630.0,13.77
2016-06-26,669.83,14.4
2016-06-25,663.96,14.3
2016-06-24,636.95,13.85
2016-06-23,593.0,13.15
2016-06-22,674.0,12.76
2016-06-21,727.03,11.67
2016-06-20,758.26,12.27
2016-06-19,757.89,11.37
2016-06-18,743.2,15.5
2016-06-17,760.0,20.5
2016-06-16,687.01,18.18
2016-06-15,678.0,18.51
2016-06-14,688.0,17.2
2016-06-13,654.04,15.6
2016-06-12,593.0,13.95
2016-06-11,579.13,13.87
2016-06-10,580.0,14.39
2016-06-09,582.79,14.45
2016-06-08,578.96,14.4
2016-06-07,586.0,13.94
2016-06-06,580.0,14.01
2016-06-05,571.13,13.83
2016-06-04,568.22,13.8
2016-06-03,537.0,13.71
2016-06-02,535.49,13.77
2016-06-01,527.0,13.87
2016-05-31,538.9,12.77
2016-05-30,523.5,12.35
2016-05-29,478.86,10.75
2016-05-28,469.0,11.03
2016-05-27,450.76,12.52
2016-05-26,449.68,12.64
2016-05-25,447.0,12.64
2016-05-24,441.27,13.25
2016-05-23,434.17,14.08
2016-05-22,435.43,13.7
2016-05-21,435.01,13.62
2016-05-20,438.0,14.49
2016-05-19,448.53,13.19
2016-05-18,450.71,11.92
2016-05-17,453.29,11.19
2016-05-16,459.16,9.95
2016-05-15,455.63,10.23
2016-05-14,454.73,10.52
2016-05-13,455.03,10.08
2016-05-12,450.96,9.87
2016-05-11,450.77,9.38
2016-05-10,460.5,9.32
2016-05-09,458.62,9.5
2016-05-08,457.76,9.35
2016-05-07,461.0,9.27
2016-05-06,446.12,9.85
2016-05-05,449.49,9.37
2016-05-04,450.9,9.33
2016-05-03,445.51,10.11
2016-05-02,447.0,8.83
2016-05-01,442.8,8.85
2016-04-30,454.0,7.5
2016-04-29,449.53,7.28
2016-04-28,444.5,7.7
2016-04-27,465.87,7.38
2016-04-26,470.19,7.61
2016-04-25,460.9,8.04
2016-04-24,453.11,8.43
2016-04-23,448.04,7.91
2016-04-22,450.8,8.16
2016-04-21,443.5,8.54
2016-04-20,437.58,8.75
2016-04-19,430.99,8.95
2016-04-18,429.71,9.45
2016-04-17,431.67,8.52
2016-04-16,432.49,8.25
2016-04-15,427.18,8.44
2016-04-14,425.12,8.07
2016-04-13,427.5,7.49
2016-04-12,423.5,8.64
2016-04-11,420.0,8.73
2016-04-10,417.01,9.12
2016-04-09,419.09,9.82
2016-04-08,422.9,10.11
2016-04-07,422.92,10.72
2016-04-06,424.16,10.44
2016-04-05,420.5,11.11
2016-04-04,423.7,11.6
2016-04-03,421.93,11.6
2016-04-02,418.96,11.71
2016-04-01,415.89,11.32
2016-03-31,417.1,11.9
2016-03-30,414.7,11.75
2016-03-29,421.52,11.67
2016-03-28,424.7,10.32
2016-03-27,415.27,11.0
2016-03-26,414.91,10.55
2016-03-25,418.0,11.2
2016-03-24,417.42,12.37
2016-03-23,417.03,11.32
2016-03-22,406.72,11.75
2016-03-21,408.41,9.98
2016-03-20,405.71,10.49
2016-03-19,405.0,10.5
2016-03-18,415.0,10.9
2016-03-17,414.5,12.98
2016-03-16,414.73,13.0
2016-03-15,417.29,12.43
2016-03-14,403.83,14.9
2016-03-13,411.76,13.39
2016-03-12,418.0,11.35
2016-03-11,413.04,11.25
2016-03-10,404.61,11.7
2016-03-09,411.59,9.82
2016-03-08,412.59,9.48
2016-03-07,409.63,11.35
2016-03-06,381.41,10.5
2016-03-05,404.0,9.9
2016-03-04,421.59,9.28
2016-03-03,428.86,8.49
2016-03-02,430.61,7.66
2016-03-01,440.0,6.46
2016-02-29,432.85,6.41
2016-02-28,429.98,6.28
2016-02-27,424.0,5.76
2016-02-26,421.91,6.0
2016-02-25,415.31,5.99
2016-02-24,417.0,5.5
2016-02-23,439.8,5.7
2016-02-22,441.34,4.79
2016-02-21,436.5,4.39
2016-02-20,416.0,4.53
2016-02-19,419.0,4.14
2016-02-18,418.0,3.62
2016-02-17,411.48,4.3
2016-02-16,399.0,5.3
2016-02-15,402.73,4.96
2016-02-14,388.89,5.5
2016-02-13,388.0,5.65
2016-02-12,388.25,6.0
2016-02-11,383.18,4.34
2016-02-10,376.72,3.69
2016-02-09,374.05,3.04
2016-02-08,373.0,2.87
2016-02-07,377.64,2.43
2016-02-06,383.06,2.5
2016-02-05,384.0,2.52
2016-02-04,358.52,2.41
2016-02-03,368.69,2.19
2016-02-02,374.14,2.11
2016-02-01,371.21,2.37
2016-01-31,378.67,2.51
2016-01-30,376.86,2.51
2016-01-29,378.0,2.36
2016-01-28,396.0,2.42
2016-01-27,391.46,2.14
2016-01-26,392.17,2.47
2016-01-25,406.8,2.11
2016-01-24,384.12,1.94
2016-01-23,380.97,1.51
2016-01-22,406.0,1.55
2016-01-21,418.0,1.48
2016-01-20,377.42,1.36
2016-01-19,384.5,1.41
2016-01-18,372.5,1.29
2016-01-17,381.82,1.22
2016-01-16,369.99,1.21
2016-01-15,429.5,1.15
2016-01-14,433.18,1.09
2016-01-13,446.2,1.15
2016-01-12,448.44,1.05
2016-01-11,447.87,0.97
2016-01-10,447.42,0.97
2016-01-09,455.0,1.02
2016-01-08,451.1,0.97
2016-01-07,427.5,0.94
2016-01-06,430.38,0.94
2016-01-05,432.0,0.96
2016-01-04,428.14,0.96
2016-01-03,436.95,0.96
2016-01-02,434.99,0.96
2016-01-01,430.57,0.92
2015-12-31,425.12,0.94
2015-12-30,427.0,0.85
2015-12-29,423.6,0.81
2015-12-28,421.24,0.85
2015-12-27,418.54,0.85
2015-12-26,459.38,0.9
2015-12-25,453.06,0.85
2015-12-24,445.79,0.82
2015-12-23,434.84,0.9
2015-12-22,439.8,0.88
2015-12-21,438.1,0.89
2015-12-20,459.9,0.92
2015-12-19,460.0,0.92
2015-12-18,454.5,0.93
2015-12-17,453.0,0.98
2015-12-16,462.6,0.99
2015-12-15,444.65,0.98
2015-12-14,444.0,0.98
2015-12-13,432.87,0.97
2015-12-12,450.0,0.9
2015-12-11,417.0,0.84
2015-12-10,422.0,0.8
2015-12-09,413.8,0.82
2015-12-08,396.21,0.81
2015-12-07,390.3,0.84
2015-12-06,380.45,0.85
2015-12-05,365.51,0.84
2015-12-04,367.0,0.82
2015-12-03,366.37,0.84
2015-12-02,358.0,0.87
2015-12-01,379.5,0.9
2015-11-30,370.0,0.89
2015-11-29,357.0,0.94
2015-11-28,362.0,0.87
2015-11-27,355.1,0.89
2015-11-26,328.99,0.87
2015-11-25,321.0,0.93
2015-11-24,325.47,0.93
2015-11-23,331.9,0.98
2015-11-22,328.8,0.98
2015-11-21,322.0,0.93
2015-11-20,327.0,0.98
2015-11-19,338.0,1.01
2015-11-18,334.01,1.02
2015-11-17,332.0,0.93
2015-11-16,318.0,0.91
2015-11-15,332.2,0.88
2015-11-14,339.01,0.9
2015-11-13,338.42,0.9
2015-11-12,307.0,0.74
2015-11-11,335.0,0.91
2015-11-10,382.5,1.01
2015-11-09,370.0,0.99
2015-11-08,390.0,0.94
2015-11-07,378.0,0.93
2015-11-06,383.1,0.92
2015-11-05,391.0,0.83
2015-11-04,392.1,1.0
2015-11-03,369.99,0.99
2015-11-02,326.74,1.05
2015-11-01,310.0,0.89
2015-10-31,325.0,1.01
2015-10-30,309.57,1.2
2015-10-29,304.89,0.77
2015-10-28,297.5,0.85
2015-10-27,280.26,0.74
2015-10-26,290.5,0.67
2015-10-25,280.0,0.47
2015-10-24,277.86,0.64
2015-10-23,276.15,0.62
2015-10-22,266.3,0.43
2015-10-21,275.5,0.45
2015-10-20,263.0,0.47
2015-10-19,270.0,0.51
2015-10-18,267.04,0.56
2015-10-17,266.08,0.52
2015-10-16,259.24,0.6
2015-10-15,252.3,0.52
2015-10-14,248.47,0.6
2015-10-13,244.6,0.6
2015-10-12,243.41,0.67
2015-10-11,246.5,0.63
2015-10-10,246.4,0.7
2015-10-09,246.89,0.64
2015-10-08,243.0,0.68
2015-10-07,242.25,0.71
2015-10-06,236.98,0.68
2015-10-05,238.8,0.74
2015-10-04,243.0,0.57
2015-10-03,240.0,0.61
2015-10-02,242.7,0.79
2015-10-01,241.1,0.68
2015-09-30,242.0,0.8
2015-09-29,243.2,0.84
2015-09-28,233.0,0.9
2015-09-27,233.0,0.88
2015-09-26,238.0,0.89
2015-09-25,235.0,0.96
2015-09-24,228.0,0.96
2015-09-23,226.52,0.85
2015-09-22,227.5,0.84
2015-09-21,234.47,1.0
2015-09-20,234.47,0.89
2015-09-19,238.26,0.87
2015-09-18,232.5,1.19
2015-09-17,230.0,0.99
2015-09-16,233.0,1.0
2015-09-15,228.5,1.16
2015-09-14,226.5,1.3
2015-09-13,240.0,1.35
2015-09-12,238.7,1.21
2015-09-11,236.53,1.37
2015-09-10,240.6,1.22
2015-09-09,239.9,1.37
2015-09-08,245.0,1.26
2015-09-07,237.75,1.25
2015-09-06,233.0,1.3
2015-09-05,231.0,1.27
2015-09-04,231.0,1.06
2015-09-03,226.0,1.27
2015-09-02,223.94,1.0
2015-09-01,225.04,1.05
2015-08-31,215.03,1.3
2015-08-30,235.0,1.5
2015-08-29,230.14,1.33
2015-08-28,208.5,1.5
2015-08-27,227.98,1.73
2015-08-26,219.99,1.3
2015-08-25,211.0,1.52
2015-08-24,228.45,1.52
2015-08-23,230.26,1.77
2015-08-22,233.13,1.5
2015-08-21,234.0,2.15
2015-08-20,227.0,2.15
2015-08-19,251.0,1.38
2015-08-18,262.37,1.1
2015-08-17,257.0,1.4
2015-08-16,267.0,1.65
