2021-03-23 00:00:00,54085.67559477,1680.96714724
2021-03-22 00:00:00,57386.17488228,1784.29032517
2021-03-21 00:00:00,58080.62212197,1803.1
2021-03-20 00:00:00,58039.83143502,1809.79688338
2021-03-19 00:00:00,57670.66865037,1776.39259983
2021-03-18 00:11:45,57662.2601334,1776.56976733
2021-03-18 00:00:00,58913.31770023,1823.38556748
2021-03-17 00:13:55,58893.02453562,1823.25752348
2021-03-17 00:00:00,56898.21343869,1806.00888866
2021-03-16 00:12:01,56900.99598967,1805.09411163
2021-03-16 00:00:00,55600.0,1794.50009352
2021-03-15 00:11:47,55638.21084475,1794.63385562
2021-03-15 00:00:00,59000.84646464,1848.49111058
2021-03-14 00:11:46,59000.84646464,1849.01512316
2021-03-14 00:00:00,61183.63614287,1922.10177968
2021-03-13 00:11:36,61179.99857742,1921.32183401
2021-03-13 00:00:00,57247.0497091,1767.54319075
2021-03-12 00:11:40,57248.20000692,1766.14223868
2021-03-12 00:00:00,57825.55191075,1826.78880379
2021-03-11 00:12:36,57790.97970618,1825.718
2021-03-11 00:00:00,55892.18186682,1794.20801997
2021-03-10 00:12:22,55858.02173862,1794.28532655
2021-03-10 00:00:00,54876.63482994,1871.23022128
2021-03-09 00:11:20,54887.34380879,1871.05460665
2021-03-09 00:00:00,52372.57936039,1832.68274926
2021-03-08 00:11:31,52386.42654852,1832.43165891
2021-03-08 00:00:00,50976.19057028,1727.79027361
2021-03-07 00:09:46,50940.44047736,1725.64570921
2021-03-07 00:00:00,48907.84574648,1650.0
2021-03-06 00:17:08,48889.17720349,1650.39093186
2021-03-06 00:00:00,48751.31063007,1530.05954543
2021-03-05 00:23:42,48732.36291735,1527.84605917
2021-03-05 00:00:00,48373.49346929,1540.25681396
2021-03-04 00:20:00,48358.98186902,1538.38329616
2021-03-04 00:00:00,50381.70918282,1567.72101934
2021-03-03 00:42:44,50384.42760192,1567.72102014
2021-03-03 00:00:00,48415.66421171,1487.15356284
2021-03-02 00:16:52,48415.66421171,1486.12138805
2021-03-02 00:00:00,49589.37944644,1569.99999
2021-03-01 00:17:42,49601.29372009,1570.54960018
2021-03-01 00:00:00,45170.0874086,1418.59651209
2021-02-28 00:23:49,45170.0874086,1418.70032156
2021-02-28 00:00:00,46116.19678128,1455.40224857
2021-02-27 00:20:10,46121.94832648,1458.53162225
2021-02-27 00:00:00,46320.0,1446.27933765
2021-02-26 00:17:04,46310.0,1445.97891587
2021-02-26 00:00:00,47046.15156617,1481.91687731
2021-02-25 00:14:58,47071.9887561,1481.85657531
2021-02-25 00:00:00,49678.34544623,1623.14516698
2021-02-24 00:30:58,49694.85027541,1622.73926608
2021-02-24 00:00:00,48893.56662558,1577.85800456
2021-02-23 00:11:07,48893.56662558,1577.93691934
2021-02-23 00:00:00,54117.67496796,1777.29310368
2021-02-22 00:13:20,54115.72651845,1777.38195189
2021-02-22 00:00:00,57413.78706693,1934.0
2021-02-21 00:13:28,57415.48135085,1933.19334906
2021-02-21 00:00:00,55872.91880236,1913.45
2021-02-20 00:14:13,55872.91880237,1915.1169559
2021-02-20 00:00:00,55902.76650948,1955.95499088
2021-02-19 00:13:22,55878.33097044,1955.82109273
2021-02-19 00:00:00,51585.0,1940.49290874
2021-02-18 00:14:49,51586.06325435,1942.5
2021-02-18 00:00:00,52112.70037383,1850.16680448
2021-02-17 00:23:36,52098.25631628,1849.69766795
2021-02-17 00:00:00,49171.45500807,1782.70561618
2021-02-16 00:10:39,49171.45501807,1782.88775383
2021-02-16 00:00:00,47905.96354945,1779.11729322
2021-02-15 00:11:06,47925.742,1778.08063226
2021-02-15 00:00:00,48601.67512159,1801.38774567
2021-02-14 00:13:02,48577.4065646,1801.00175876
2021-02-14 00:00:00,47157.96077124,1817.16769257
2021-02-13 00:14:16,47150.79697296,1815.45406357
2021-02-13 00:00:00,47307.9707,1840.75540936
2021-02-12 00:12:29,47340.41891144,1840.87352059
2021-02-12 00:00:00,48006.69486172,1786.53345372
2021-02-11 00:11:11,47974.24888417,1786.57773227
2021-02-11 00:00:00,44814.71614569,1743.30662597
2021-02-10 00:29:13,44816.95703596,1741.97380824
2021-02-10 00:00:00,46472.7446507,1769.62986242
2021-02-09 00:11:28,46453.22693927,1768.67182166
2021-02-09 00:00:00,46379.22127308,1750.0
2021-02-08 00:13:24,46359.365052,1749.06972836
2021-02-08 00:00:00,38814.4078,1612.41966854
2021-02-07 00:17:05,38814.40780001,1613.953
2021-02-07 00:00:00,39209.12675961,1677.11752416
2021-02-06 00:17:06,39200.0,1676.21
2021-02-06 00:00:00,38291.98086462,1720.0
2021-02-05 00:13:46,38271.81085749,1720.0
2021-02-05 00:00:00,36940.4601117,1595.71614752
2021-02-04 00:16:55,36971.5828087,1596.27065942
2021-02-04 00:00:00,37638.93256191,1666.0
2021-02-03 00:28:02,37633.95780837,1665.00648597
2021-02-03 00:00:00,35477.97870228,1513.19559263
2021-02-02 00:11:18,35489.92213307,1512.03040302
2021-02-02 00:00:00,33515.65878585,1374.75664494
2021-02-01 00:13:34,33537.99226719,1374.48175522
2021-02-01 00:00:00,33108.61580133,1312.76563909
2021-01-31 00:17:05,33103.96424447,1312.79788473
2021-01-31 00:00:00,34275.54603428,1377.5753268
2021-01-30 00:16:00,34291.45732402,1377.23589417
2021-01-30 00:00:00,34258.12205625,1378.9509023
2021-01-29 00:13:32,34258.12205625,1379.0
2021-01-29 00:00:00,33354.29244591,1327.6063357
2021-01-28 00:13:41,33350.57651265,1328.78320354
2021-01-28 00:00:00,30384.0,1238.87013619
2021-01-27 00:36:47,30363.05500257,1239.22877303
2021-01-27 00:00:00,32486.92260355,1365.44462018
2021-01-26 00:12:48,32490.94848836,1365.11901674
2021-01-26 00:00:00,32216.1039468,1318.0
2021-01-25 00:00:00,32255.9240025,1390.69715439
2021-01-24 00:00:00,32074.32819596,1233.3076592
2021-01-23 00:00:00,32936.47281606,1232.78738897
2021-01-22 00:00:00,30856.51474706,1111.97929647
2021-01-21 00:00:00,35482.96897202,1378.26307306
2021-01-20 00:00:00,35927.02139678,1367.06838406
2021-01-19 00:00:00,36623.19903466,1258.06035656
2021-01-18 00:00:00,35823.85026628,1231.77360082
2021-01-17 00:00:00,36001.80036415,1227.81899863
2021-01-16 00:00:00,36757.87392577,1169.9661259
2021-01-15 00:00:00,39156.0,1231.41538713
2021-01-14 00:00:00,37369.23926061,1129.87146393
2021-01-13 00:00:00,34050.30209953,1050.31270224
2021-01-12 00:00:00,35410.2560474,1086.82758437
2021-01-11 00:00:00,38181.90417183,1254.0
2021-01-10 00:14:15,38181.90417183,1254.0
2021-01-10 00:00:00,40093.1140831,1276.154
2021-01-09 00:14:27,40091.1095605,1276.154
2021-01-09 00:00:00,40594.55489492,1216.62430693
2021-01-08 00:11:59,40600.0,1217.73312679
2021-01-08 00:00:00,39426.44616211,1224.94411381
2021-01-07 00:12:38,39430.38949774,1224.81149194
2021-01-07 00:00:00,36780.0,1207.60743892
2021-01-06 00:18:57,36755.11735713,1207.88026087
2021-01-06 00:00:00,33966.56513885,1099.88967836
2021-01-05 00:10:50,33945.29022519,1100.21671777
2021-01-05 00:00:00,32004.61557405,1040.98560762
2021-01-04 00:11:56,31996.26898457,1042.58766632
2021-01-04 00:00:00,33026.02548105,978.38188908
2021-01-03 00:14:35,33012.98211891,977.82
2021-01-03 00:00:00,32202.54738603,774.85061488
2021-01-02 00:12:32,32184.51293216,774.93193893
2021-01-02 00:00:00,29322.31736916,728.62418602
2021-01-01 00:12:07,29330.1358574,728.23197054
2021-01-01 00:00:00,28917.89607162,736.21270715
2020-12-31 00:09:52,28920.32546397,735.97318157
2020-12-31 00:00:00,28886.28043451,752.0209246
2020-12-30 00:15:23,28884.2542906,752.01221608
2020-12-30 00:00:00,27370.0,732.77237253
2020-12-29 00:12:45,27370.0,732.24565334
2020-12-29 00:00:00,27072.60328388,731.039644
2020-12-28 00:09:36,27076.17527942,730.50036136
2020-12-28 00:00:00,26288.7406343,685.35427691
2020-12-27 00:09:53,26289.03334552,684.69387755
2020-12-27 00:00:00,26457.13385456,637.75510204
2020-12-26 00:09:54,26449.61871594,636.3384648
2020-12-26 00:00:00,24712.36831942,626.9443052
2020-12-25 00:08:32,24690.60483472,626.70586918
2020-12-25 00:00:00,23750.23605009,612.5774913
2020-12-24 00:09:03,23738.86112821,612.43357726
2020-12-24 00:00:00,23235.17254393,585.32982303
2020-12-23 00:12:53,23235.17254393,585.89013233
2020-12-23 00:00:00,23810.9547165,636.69656424
2020-12-22 00:08:37,23808.33479931,636.98492048
2020-12-22 00:00:00,22727.08969218,608.92861828
2020-12-21 00:08:45,22713.8624183,608.0
2020-12-21 00:00:00,23466.39743281,637.78701324
2020-12-20 00:08:34,23488.58065789,638.39537087
2020-12-20 00:00:00,23827.49597088,658.1632653
2020-12-19 00:09:32,23821.70101182,658.89028105
2020-12-19 00:00:00,23110.0,654.31738746
2020-12-18 00:11:49,23102.46929554,653.60729073
2020-12-18 00:00:00,22800.53993494,643.07983529
2020-12-17 00:30:03,22800.2887184,643.17675088
2020-12-17 00:00:00,21327.98706795,637.32411122
2020-12-16 00:00:00,19423.38424803,588.70482434
2020-12-15 00:00:00,19277.21598469,586.64648925
2020-12-14 00:00:00,19159.50964517,590.66988979
2020-12-13 00:00:00,18802.55416867,569.21509732
2020-12-12 00:00:00,18025.81670931,543.68632363
2020-12-11 00:00:00,18240.71684692,558.58251284
2020-12-10 00:00:00,18539.38023817,574.58245123
2020-12-09 00:00:00,18319.9637146,554.0
2020-12-08 00:00:00,19176.93448102,590.86451408
2020-12-07 00:00:00,19365.75435127,602.22258657
2020-12-06 00:00:00,19149.13710494,597.04634496
2020-12-05 00:00:00,18650.0,567.20768912
2020-12-04 00:00:00,19418.11099643,615.23524202
2020-12-03 00:00:00,19203.86164657,597.0
2020-12-02 00:00:00,18762.93819039,585.0
2020-12-01 00:00:00,19695.505231,616.66
2020-11-30 00:00:00,18175.43939849,576.19710415
2020-11-29 00:00:00,17712.89623772,537.86682197
2020-11-28 00:00:00,17139.81849273,518.71646845
2020-11-27 00:00:00,17146.01832911,520.0
2020-11-26 00:00:00,18725.38554215,570.06620703
2020-11-25 00:00:00,19151.63996907,604.97920866
2020-11-24 00:00:00,18367.95579697,608.8102276
2020-11-23 00:00:00,18412.01820813,560.52916399
2020-11-22 00:00:00,18704.99101088,552.65983378
2020-11-21 00:00:00,18668.63968879,509.84399999
2020-11-20 00:00:00,17797.07994199,471.4151877
2020-11-19 00:00:00,17778.24,478.17
2020-11-18 00:00:00,17652.77,482.39
2020-11-17 00:00:00,16711.46,460.15
2020-11-16 00:00:00,15947.27,448.36
2020-11-15 00:00:00,16060.8,460.64
2020-11-14 00:00:00,16319.49,476.49
2020-11-13 00:00:00,16292.96,462.29
2020-11-12 00:00:00,15686.8,463.82
2020-11-11 00:00:00,15303.0,450.34
2020-11-10 00:00:00,15316.52,444.1
2020-11-09 00:00:00,15470.96,454.22
2020-11-08 00:00:00,14817.41,435.25
2020-11-07 00:00:00,15579.32,455.95
2020-11-06 00:00:00,15586.95,416.47
2020-11-05 00:00:00,14133.46,402.06
2020-11-04 00:00:00,14014.59,387.78
2020-11-03 00:00:00,13558.84,383.35
2020-11-02 00:00:00,13747.26,396.4
2020-11-01 00:00:00,13791.5,386.5
2020-10-31 00:00:00,13557.86,382.3
2020-10-30 00:00:00,13447.1,386.46
2020-10-29 00:00:00,13273.9,388.58
2020-10-28 00:00:00,13631.6,403.75
2020-10-27 00:00:00,13052.05,392.82
2020-10-26 00:00:00,13027.76,405.56
2020-10-25 00:00:00,13108.45,412.23
2020-10-24 00:00:00,12921.99,409.16
2020-10-23 00:00:00,12969.15,413.97
2020-10-22 00:00:00,12786.8,391.1
2020-10-21 00:00:00,11908.6,368.37
2020-10-20 00:00:00,11748.7,379.05
2020-10-19 00:00:00,11502.22,378.02
2020-10-18 00:00:00,11357.22,368.39
2020-10-17 00:00:00,11315.88,365.33
2020-10-16 00:00:00,11499.63,377.44
2020-10-15 00:00:00,11414.97,379.18
2020-10-14 00:00:00,11419.73,381.03
2020-10-13 00:00:00,11530.07,386.7
2020-10-12 00:00:00,11366.45,374.16
2020-10-11 00:00:00,11292.33,370.8
2020-10-10 00:00:00,11053.0,364.97
2020-10-09 00:00:00,10920.58,350.61
2020-10-08 00:00:00,10669.29,341.74
2020-10-07 00:00:00,10601.55,340.6
2020-10-06 00:00:00,10791.95,353.28
2020-10-05 00:00:00,10666.43,352.45
2020-10-04 00:00:00,10541.35,345.83
2020-10-03 00:00:00,10567.96,345.38
2020-10-02 00:00:00,10621.22,353.18
2020-10-01 00:00:00,10779.83,359.25
2020-09-30 00:00:00,10840.71,359.36
2020-09-29 00:00:00,10695.91,353.87
2020-09-28 00:00:00,10772.37,357.4
2020-09-27 00:00:00,10723.08,353.78
2020-09-26 00:00:00,10684.6,351.71
2020-09-25 00:00:00,10736.13,349.04
2020-09-24 00:00:00,10236.29,320.39
2020-09-23 00:00:00,10528.48,344.2
2020-09-22 00:00:00,10412.84,340.0
2020-09-21 00:00:00,10917.79,370.84
2020-09-20 00:00:00,11078.76,385.14
2020-09-19 00:00:00,10933.84,384.33
2020-09-18 00:00:00,10938.06,389.3
2020-09-17 00:00:00,10953.73,365.01
2020-09-16 00:00:00,10784.78,363.96
2020-09-15 00:00:00,10677.34,377.13
2020-09-14 00:00:00,10329.94,366.33
2020-09-13 00:00:00,10439.68,387.79
2020-09-12 00:00:00,10387.12,373.74
2020-09-11 00:00:00,10339.57,367.77
2020-09-10 00:00:00,10220.59,350.84
2020-09-09 00:00:00,10126.64,337.34
2020-09-08 00:00:00,10371.08,353.6
2020-09-07 00:00:00,10247.2,352.66
2020-09-06 00:00:00,10166.0,335.35
2020-09-05 00:00:00,10454.13,385.3
2020-09-04 00:00:00,10156.89,381.26
2020-09-03 00:00:00,11385.84,439.8
2020-09-02 00:00:00,11921.44,475.95
2020-09-01 00:00:00,11650.0,433.71
2020-08-31 00:00:00,11714.59,429.24
2020-08-30 00:00:00,11468.31,398.56
2020-08-29 00:00:00,11521.49,395.28
2020-08-28 00:00:00,11328.73,383.2
2020-08-27 00:00:00,11460.7,385.64
2020-08-26 00:00:00,11323.25,383.02
2020-08-25 00:00:00,11749.28,407.92
2020-08-24 00:00:00,11647.23,390.88
2020-08-23 00:00:00,11667.37,396.0
2020-08-22 00:00:00,11527.48,387.53
2020-08-21 00:00:00,11856.72,415.76
2020-08-20 00:00:00,11750.0,407.64
2020-08-19 00:00:00,11950.0,422.01
2020-08-18 00:00:00,12282.77,430.65
2020-08-17 00:00:00,11907.77,433.7
2020-08-16 00:00:00,11851.32,432.2
2020-08-15 00:00:00,11755.71,437.88
2020-08-14 00:00:00,11774.9,424.14
2020-08-13 00:00:00,11565.68,387.03
2020-08-12 00:00:00,11395.54,379.59
2020-08-11 00:00:00,11890.0,395.7
2020-08-10 00:00:00,11681.38,390.1
2020-08-09 00:00:00,11760.46,397.03
2020-08-08 00:00:00,11594.2,379.28
2020-08-07 00:00:00,11762.87,394.88
2020-08-06 00:00:00,11741.2,400.72
2020-08-05 00:00:00,11190.42,389.44
2020-08-04 00:00:00,11223.0,385.8
2020-08-03 00:00:00,11069.0,372.3
2020-08-02 00:00:00,11805.56,386.93
2020-08-01 00:00:00,11336.34,346.41
2020-07-31 00:00:00,11098.89,334.76
2020-07-30 00:00:00,11101.04,317.72
2020-07-29 00:00:00,10907.16,316.63
2020-07-28 00:00:00,11024.05,321.73
2020-07-27 00:00:00,9928.99,311.07
2020-07-26 00:00:00,9700.23,305.22
2020-07-25 00:00:00,9539.55,279.15
2020-07-24 00:00:00,9603.84,275.39
2020-07-23 00:00:00,9515.22,263.62
2020-07-22 00:00:00,9384.0,245.5
2020-07-21 00:00:00,9160.31,236.02
2020-07-20 00:00:00,9208.27,238.79
2020-07-19 00:00:00,9170.5,235.55
2020-07-18 00:00:00,9156.16,232.77
2020-07-17 00:00:00,9133.92,233.58
2020-07-16 00:00:00,9198.95,238.65
2020-07-15 00:00:00,9255.27,240.43
2020-07-14 00:00:00,9241.94,239.65
2020-07-13 00:00:00,9296.27,242.64
2020-07-12 00:00:00,9233.2,239.11
2020-07-11 00:00:00,9282.78,240.9
2020-07-10 00:00:00,9239.35,242.08
2020-07-09 00:00:00,9437.2,247.04
2020-07-08 00:00:00,9254.85,239.4
2020-07-07 00:00:00,9344.66,241.53
2020-07-06 00:00:00,9074.0,227.62
2020-07-05 00:00:00,9133.71,229.21
2020-07-04 00:00:00,9062.04,224.95
2020-07-03 00:00:00,9085.52,226.43
2020-07-02 00:00:00,9230.37,230.85
2020-07-01 00:00:00,9135.74,225.6
2020-06-30 00:00:00,9188.92,227.95
2020-06-29 00:00:00,9113.19,225.0
2020-06-28 00:00:00,9010.89,220.89
2020-06-27 00:00:00,9164.52,229.64
2020-06-26 00:00:00,9251.72,232.44
2020-06-25 00:00:00,9296.95,234.72
2020-06-24 00:00:00,9623.96,243.16
2020-06-23 00:00:00,9682.74,243.16
2020-06-22 00:00:00,9296.85,228.02
2020-06-21 00:00:00,9359.14,228.79
2020-06-20 00:00:00,9306.48,228.91
2020-06-19 00:00:00,9386.03,231.25
2020-06-18 00:00:00,9463.58,233.81
2020-06-17 00:00:00,9523.53,235.18
2020-06-16 00:00:00,9423.98,230.65
2020-06-15 00:00:00,9339.94,231.74
2020-06-14 00:00:00,9474.57,238.07
2020-06-13 00:00:00,9463.7,237.62
2020-06-12 00:00:00,9276.38,230.43
2020-06-11 00:00:00,9882.68,247.9
2020-06-10 00:00:00,9774.31,243.89
2020-06-09 00:00:00,9779.0,246.45
2020-06-08 00:00:00,9745.97,244.58
2020-06-07 00:00:00,9673.85,241.99
2020-06-06 00:00:00,9622.72,240.16
2020-06-05 00:00:00,9794.77,243.3
2020-06-04 00:00:00,9667.14,244.52
2020-06-03 00:00:00,9524.0,237.78
2020-06-02 00:00:00,10179.33,247.81
2020-06-01 00:00:00,9452.05,231.68
2020-05-31 00:00:00,9695.06,243.57
2020-05-30 00:00:00,9418.95,220.55
2020-05-29 00:00:00,9575.0,220.36
2020-05-28 00:00:00,9200.77,208.26
2020-05-27 00:00:00,8844.25,200.99
2020-05-26 00:00:00,8898.7,204.07
2020-05-25 00:00:00,8719.15,199.63
2020-05-24 00:00:00,9180.26,206.64
2020-05-23 00:00:00,9167.65,207.27
2020-05-22 00:00:00,9068.43,198.71
2020-05-21 00:00:00,9511.35,209.87
2020-05-20 00:00:00,9771.42,214.5
2020-05-19 00:00:00,9733.08,214.87
2020-05-18 00:00:00,9676.36,207.06
2020-05-17 00:00:00,9379.48,200.46
2020-05-16 00:00:00,9318.18,194.81
2020-05-15 00:00:00,9792.07,203.13
2020-05-14 00:00:00,9305.0,199.61
2020-05-13 00:00:00,8814.02,189.85
2020-05-12 00:00:00,8559.79,185.67
2020-05-11 00:00:00,8727.85,187.59
2020-05-10 00:00:00,9541.84,210.17
2020-05-09 00:00:00,9801.29,211.45
2020-05-08 00:00:00,9978.85,211.8
2020-05-07 00:00:00,9150.85,199.08
2020-05-06 00:00:00,9021.23,205.35
2020-05-05 00:00:00,8870.71,206.59
2020-05-04 00:00:00,8891.75,209.81
2020-05-03 00:00:00,8971.71,213.7
2020-05-02 00:00:00,8822.75,212.07
2020-05-01 00:00:00,8624.96,206.35
2020-04-30 00:00:00,8777.19,215.35
2020-04-29 00:00:00,7741.74,196.37
2020-04-28 00:00:00,7773.24,196.43
2020-04-27 00:00:00,7694.63,197.52
2020-04-26 00:00:00,7538.72,194.29
2020-04-25 00:00:00,7502.9,187.45
2020-04-24 00:00:00,7553.06,188.8
2020-04-23 00:00:00,7124.34,182.7
2020-04-22 00:00:00,6842.94,170.72
2020-04-21 00:00:00,6829.13,170.35
2020-04-20 00:00:00,7122.58,180.02
2020-04-19 00:00:00,7249.38,187.43
2020-04-18 00:00:00,7027.97,170.7
2020-04-17 00:00:00,7102.97,172.28
2020-04-16 00:00:00,6621.15,152.88
2020-04-15 00:00:00,6868.27,158.46
2020-04-14 00:00:00,6837.44,156.36
2020-04-13 00:00:00,6902.93,158.41
2020-04-12 00:00:00,6877.57,158.35
2020-04-11 00:00:00,6860.68,157.88
2020-04-10 00:00:00,7285.29,169.73
2020-04-09 00:00:00,7359.4,172.95
2020-04-08 00:00:00,7201.54,164.65
2020-04-07 00:00:00,7332.38,171.21
2020-04-06 00:00:00,6770.83,142.61
2020-04-05 00:00:00,6859.08,144.13
2020-04-04 00:00:00,6737.35,141.37
2020-04-03 00:00:00,6793.96,141.4
2020-04-02 00:00:00,6644.0,135.68
2020-04-01 00:00:00,6410.98,132.87
2020-03-31 00:00:00,6393.92,132.06
2020-03-30 00:00:00,5879.98,124.5
2020-03-29 00:00:00,6236.91,130.99
2020-03-28 00:00:00,6364.22,131.38
2020-03-27 00:00:00,6736.74,138.51
2020-03-26 00:00:00,6680.56,136.0
2020-03-25 00:00:00,6747.41,138.48
2020-03-24 00:00:00,6470.6,135.96
2020-03-23 00:00:00,5826.41,122.45
2020-03-22 00:00:00,6186.69,132.53
2020-03-21 00:00:00,6208.75,133.31
2020-03-20 00:00:00,6166.85,136.66
2020-03-19 00:00:00,5390.16,118.13
2020-03-18 00:00:00,5317.99,115.54
2020-03-17 00:00:00,5023.98,110.98
2020-03-16 00:00:00,5364.3,123.86
2020-03-15 00:00:00,5186.35,122.58
2020-03-14 00:00:00,5570.05,134.0
2020-03-13 00:00:00,4791.03,108.15
2020-03-12 00:00:00,7933.54,194.51
2020-03-11 00:00:00,7891.26,200.55
2020-03-10 00:00:00,7930.3,202.9
2020-03-09 00:00:00,8032.02,198.65
2020-03-08 00:00:00,8891.52,237.25
2020-03-07 00:00:00,9132.39,244.88
2020-03-06 00:00:00,9056.83,228.54
2020-03-05 00:00:00,8752.17,224.34
2020-03-04 00:00:00,8753.6,223.84
2020-03-03 00:00:00,8909.0,231.81
2020-03-02 00:00:00,8531.55,217.73
2020-03-01 00:00:00,8527.17,217.48
2020-02-29 00:00:00,8695.0,226.85
2020-02-28 00:00:00,8818.99,227.55
2020-02-27 00:00:00,8789.23,223.85
2020-02-26 00:00:00,9318.25,246.78
2020-02-25 00:00:00,9659.13,265.57
2020-02-24 00:00:00,9936.96,274.64
2020-02-23 00:00:00,9653.45,261.62
2020-02-22 00:00:00,9679.2,265.21
2020-02-21 00:00:00,9597.94,257.16
2020-02-20 00:00:00,9599.3,258.6
2020-02-19 00:00:00,10159.91,282.62
2020-02-18 00:00:00,9693.36,267.8
2020-02-17 00:00:00,9919.6,259.06
2020-02-16 00:00:00,9907.48,264.76
2020-02-15 00:00:00,10341.09,285.44
2020-02-14 00:00:00,10231.59,268.51
2020-02-13 00:00:00,10329.17,265.77
2020-02-12 00:00:00,10222.69,236.74
2020-02-11 00:00:00,9846.82,223.23
2020-02-10 00:00:00,10155.5,228.66
2020-02-09 00:00:00,9893.33,223.17
2020-02-08 00:00:00,9815.22,223.5
2020-02-07 00:00:00,9770.62,213.19
2020-02-06 00:00:00,9609.61,203.72
2020-02-05 00:00:00,9194.56,188.94
2020-02-04 00:00:00,9296.35,189.82
2020-02-03 00:00:00,9334.57,188.47
2020-02-02 00:00:00,9385.38,183.68
2020-02-01 00:00:00,9351.06,179.98
2020-01-31 00:00:00,9513.1,184.72
2020-01-30 00:00:00,9304.27,173.84
2020-01-29 00:00:00,9383.17,175.8
2020-01-28 00:00:00,8910.59,170.03
2020-01-27 00:00:00,8614.72,167.92
2020-01-26 00:00:00,8342.55,160.39
2020-01-25 00:00:00,8441.25,162.64
2020-01-24 00:00:00,8405.69,162.8
2020-01-23 00:00:00,8683.45,168.07
2020-01-22 00:00:00,8735.77,169.48
2020-01-21 00:00:00,8642.96,166.86
2020-01-20 00:00:00,8704.18,166.81
2020-01-19 00:00:00,8916.54,174.11
2020-01-18 00:00:00,8912.82,169.93
2020-01-17 00:00:00,8724.53,164.09
2020-01-16 00:00:00,8825.81,166.31
2020-01-15 00:00:00,8815.81,165.81
2020-01-14 00:00:00,8108.03,143.55
2020-01-13 00:00:00,8182.7,146.54
2020-01-12 00:00:00,8022.57,142.54
2020-01-11 00:00:00,8194.15,144.87
2020-01-10 00:00:00,7821.52,137.83
2020-01-09 00:00:00,8052.34,140.6
2020-01-08 00:00:00,8150.73,142.87
2020-01-07 00:00:00,7756.35,144.18
2020-01-06 00:00:00,7359.67,135.42
2020-01-05 00:00:00,7352.47,134.17
2020-01-04 00:00:00,7344.84,134.55
2020-01-03 00:00:00,6965.97,127.21
2020-01-02 00:00:00,7201.56,130.67
2020-01-01 00:00:00,7193.74,129.14
2019-12-31 00:00:00,7247.3,131.62
2019-12-30 00:00:00,7388.0,134.41
2019-12-29 00:00:00,7312.4,128.1
2019-12-28 00:00:00,7252.84,126.29
2019-12-27 00:00:00,7203.9,125.72
2019-12-26 00:00:00,7204.73,125.15
2019-12-25 00:00:00,7261.88,127.76
2019-12-24 00:00:00,7319.38,127.91
2019-12-23 00:00:00,7495.0,132.03
2019-12-22 00:00:00,7134.4,127.03
2019-12-21 00:00:00,7188.9,128.22
2019-12-20 00:00:00,7152.25,128.14
2019-12-19 00:00:00,7276.5,132.71
2019-12-18 00:00:00,6619.33,121.98
2019-12-17 00:00:00,6895.7,132.75
2019-12-16 00:00:00,7118.25,142.52
2019-12-15 00:00:00,7063.74,141.85
2019-12-14 00:00:00,7254.9,144.83
2019-12-13 00:00:00,7197.4,144.88
2019-12-12 00:00:00,7210.27,143.33
2019-12-11 00:00:00,7224.05,145.51
2019-12-10 00:00:00,7342.43,147.38
2019-12-09 00:00:00,7509.04,150.45
2019-12-08 00:00:00,7488.28,147.11
2019-12-07 00:00:00,7527.6,148.5
2019-12-06 00:00:00,7389.37,147.96
2019-12-05 00:00:00,7187.9,145.3
2019-12-04 00:00:00,7291.5,147.26
2019-12-03 00:00:00,7304.89,148.87
2019-12-02 00:00:00,7393.85,150.81
2019-12-01 00:00:00,7541.48,151.63
2019-11-30 00:00:00,7741.47,154.46
2019-11-29 00:00:00,7418.36,150.8
2019-11-28 00:00:00,7508.9,152.49
2019-11-27 00:00:00,7154.9,147.49
2019-11-26 00:00:00,7107.69,145.61
2019-11-25 00:00:00,6889.01,140.09
2019-11-24 00:00:00,7310.92,151.67
2019-11-23 00:00:00,7265.7,149.58
2019-11-22 00:00:00,7630.42,161.08
2019-11-21 00:00:00,8096.8,174.71
2019-11-20 00:00:00,8129.41,175.78
2019-11-19 00:00:00,8190.3,178.42
2019-11-18 00:00:00,8502.2,183.81
2019-11-17 00:00:00,8490.8,182.47
2019-11-16 00:00:00,8471.0,180.08
2019-11-15 00:00:00,8653.74,184.84
2019-11-14 00:00:00,8775.51,188.18
2019-11-13 00:00:00,8827.51,187.13
2019-11-12 00:00:00,8735.8,185.03
2019-11-11 00:00:00,9033.96,189.01
2019-11-10 00:00:00,8807.79,184.89
2019-11-09 00:00:00,8776.0,183.87
2019-11-08 00:00:00,9213.69,186.7
2019-11-07 00:00:00,9342.3,191.08
2019-11-06 00:00:00,9309.57,188.81
2019-11-05 00:00:00,9390.77,185.72
2019-11-04 00:00:00,9197.62,181.67
2019-11-03 00:00:00,9289.28,182.85
2019-11-02 00:00:00,9222.16,182.92
2019-11-01 00:00:00,9141.9,182.13
2019-10-31 00:00:00,9157.05,183.18
2019-10-30 00:00:00,9409.43,190.86
2019-10-29 00:00:00,9212.05,181.53
2019-10-28 00:00:00,9525.42,184.11
2019-10-27 00:00:00,9230.62,179.48
2019-10-26 00:00:00,8656.99,181.4
2019-10-25 00:00:00,7415.0,160.13
2019-10-24 00:00:00,7465.13,162.37
2019-10-23 00:00:00,8022.15,171.16
2019-10-22 00:00:00,8199.04,173.99
2019-10-21 00:00:00,8221.12,174.85
2019-10-20 00:00:00,7952.26,171.64
2019-10-19 00:00:00,7949.73,172.69
2019-10-18 00:00:00,8072.71,177.1
2019-10-17 00:00:00,8000.03,174.45
2019-10-16 00:00:00,8163.16,180.43
2019-10-15 00:00:00,8345.09,186.4
2019-10-14 00:00:00,8281.87,181.1
2019-10-13 00:00:00,8301.78,179.64
2019-10-12 00:00:00,8235.85,180.25
2019-10-11 00:00:00,8556.34,191.09
2019-10-10 00:00:00,8557.65,192.69
2019-10-09 00:00:00,8168.3,180.56
2019-10-08 00:00:00,8188.97,179.88
2019-10-07 00:00:00,7862.0,170.4
2019-10-06 00:00:00,8123.71,176.17
2019-10-05 00:00:00,8135.76,175.45
2019-10-04 00:00:00,8214.26,174.63
2019-10-03 00:00:00,8357.9,180.21
2019-10-02 00:00:00,8299.9,175.88
2019-10-01 00:00:00,8280.47,180.55
2019-09-30 00:00:00,8049.35,169.32
2019-09-29 00:00:00,8205.9,174.0
2019-09-28 00:00:00,8166.61,173.4
2019-09-27 00:00:00,8037.41,165.67
2019-09-26 00:00:00,8433.33,169.61
2019-09-25 00:00:00,8501.53,165.83
2019-09-24 00:00:00,9697.2,200.94
2019-09-23 00:00:00,10028.28,211.15
2019-09-22 00:00:00,9984.53,215.32
2019-09-21 00:00:00,10163.24,218.5
2019-09-20 00:00:00,10243.92,220.0
2019-09-19 00:00:00,10164.36,210.01
2019-09-18 00:00:00,10187.81,207.96
2019-09-17 00:00:00,10258.2,197.56
2019-09-16 00:00:00,10295.88,189.39
2019-09-15 00:00:00,10336.6,188.25
2019-09-14 00:00:00,10344.79,181.02
2019-09-13 00:00:00,10394.19,180.78
2019-09-12 00:00:00,10158.13,178.36
2019-09-11 00:00:00,10114.97,180.06
2019-09-10 00:00:00,10309.55,180.58
2019-09-09 00:00:00,10394.76,181.54
2019-09-08 00:00:00,10464.39,177.83
2019-09-07 00:00:00,10301.66,169.28
2019-09-06 00:00:00,10567.45,174.19
2019-09-05 00:00:00,10558.4,173.77
2019-09-04 00:00:00,10568.01,178.09
2019-09-03 00:00:00,10346.19,178.14
2019-09-02 00:00:00,9724.73,170.55
2019-09-01 00:00:00,9591.2,171.72
2019-08-31 00:00:00,9579.88,168.28
2019-08-30 00:00:00,9485.99,168.93
2019-08-29 00:00:00,9740.1,173.25
2019-08-28 00:00:00,10182.12,187.23
2019-08-27 00:00:00,10373.47,188.75
2019-08-26 00:00:00,10136.98,186.86
2019-08-25 00:00:00,10120.02,190.53
2019-08-24 00:00:00,10383.75,193.65
2019-08-23 00:00:00,10103.61,190.7
2019-08-22 00:00:00,10134.37,187.28
2019-08-21 00:00:00,10747.13,196.55
2019-08-20 00:00:00,10915.76,202.14
2019-08-19 00:00:00,10315.0,194.32
2019-08-18 00:00:00,10214.13,185.61
2019-08-17 00:00:00,10349.64,184.82
2019-08-16 00:00:00,10311.39,188.11
2019-08-15 00:00:00,10052.18,187.11
2019-08-14 00:00:00,10885.79,209.46
2019-08-13 00:00:00,11387.07,211.71
2019-08-12 00:00:00,11539.27,216.02
2019-08-11 00:00:00,11318.0,206.81
2019-08-10 00:00:00,11872.05,210.64
2019-08-09 00:00:00,11985.13,221.11
2019-08-08 00:00:00,11954.01,226.25
2019-08-07 00:00:00,11490.34,226.51
2019-08-06 00:00:00,11816.22,233.37
2019-08-05 00:00:00,10936.97,221.87
2019-08-04 00:00:00,10814.35,221.38
2019-08-03 00:00:00,10524.01,217.39
2019-08-02 00:00:00,10373.0,216.82
2019-08-01 00:00:00,10074.99,218.24
2019-07-31 00:00:00,9579.0,210.06
2019-07-30 00:00:00,9512.99,211.18
2019-07-29 00:00:00,9530.14,211.15
2019-07-28 00:00:00,9469.68,207.63
2019-07-27 00:00:00,9824.55,219.07
2019-07-26 00:00:00,9881.18,218.89
2019-07-25 00:00:00,9761.78,216.67
2019-07-24 00:00:00,9868.88,212.53
2019-07-23 00:00:00,10344.18,217.32
2019-07-22 00:00:00,10582.13,226.21
2019-07-21 00:00:00,10750.05,228.08
2019-07-20 00:00:00,10512.16,220.35
2019-07-19 00:00:00,10622.75,225.78
2019-07-18 00:00:00,9666.9,210.11
2019-07-17 00:00:00,9403.62,198.73
2019-07-16 00:00:00,10836.9,228.27
2019-07-15 00:00:00,10187.72,226.1
2019-07-14 00:00:00,11384.47,269.25
2019-07-13 00:00:00,11755.15,274.57
2019-07-12 00:00:00,11337.19,268.5
2019-07-11 00:00:00,12116.93,289.14
2019-07-10 00:00:00,12560.61,307.94
2019-07-09 00:00:00,12260.11,312.29
2019-07-08 00:00:00,11415.17,305.23
2019-07-07 00:00:00,11265.41,288.3
2019-07-06 00:00:00,10966.5,287.32
2019-07-05 00:00:00,11160.95,283.37
2019-07-04 00:00:00,11933.0,301.08
2019-07-03 00:00:00,10836.18,291.41
2019-07-02 00:00:00,10623.97,295.11
2019-07-01 00:00:00,10838.64,292.47
2019-06-30 00:00:00,11917.38,318.07
2019-06-29 00:00:00,12411.32,311.84
2019-06-28 00:00:00,11307.52,298.24
2019-06-27 00:00:00,13101.49,339.64
2019-06-26 00:00:00,11814.85,318.69
2019-06-25 00:00:00,11048.63,311.7
2019-06-24 00:00:00,10899.96,309.03
2019-06-23 00:00:00,10729.36,310.07
2019-06-22 00:00:00,10177.25,295.22
2019-06-21 00:00:00,9520.18,271.76
2019-06-20 00:00:00,9250.0,267.73
2019-06-19 00:00:00,9076.41,263.98
2019-06-18 00:00:00,9310.42,273.6
2019-06-17 00:00:00,8968.92,268.02
2019-06-16 00:00:00,8809.27,268.23
2019-06-15 00:00:00,8673.2,263.06
2019-06-14 00:00:00,8210.0,254.08
2019-06-13 00:00:00,8130.0,261.21
2019-06-12 00:00:00,7887.57,244.35
2019-06-11 00:00:00,7988.74,246.69
2019-06-10 00:00:00,7640.6,231.77
2019-06-09 00:00:00,7895.0,243.11
2019-06-08 00:00:00,7994.0,248.91
2019-06-07 00:00:00,7784.81,248.5
2019-06-06 00:00:00,7773.5,245.9
2019-06-05 00:00:00,7691.49,241.38
2019-06-04 00:00:00,8118.44,250.17
2019-06-03 00:00:00,8724.49,269.18
2019-06-02 00:00:00,8542.76,263.72
2019-06-01 00:00:00,8549.99,268.19
2019-05-31 00:00:00,8275.25,254.47
2019-05-30 00:00:00,8653.0,268.51
2019-05-29 00:00:00,8722.19,270.92
2019-05-28 00:00:00,8750.08,270.88
2019-05-27 00:00:00,8622.61,265.5
2019-05-26 00:00:00,8036.47,250.67
2019-05-25 00:00:00,7975.29,248.48
2019-05-24 00:00:00,7847.22,244.63
2019-05-23 00:00:00,7628.8,244.53
2019-05-22 00:00:00,7903.16,253.69
2019-05-21 00:00:00,7924.87,250.7
2019-05-20 00:00:00,8163.01,260.98
2019-05-19 00:00:00,7267.63,233.8
2019-05-18 00:00:00,7352.42,244.37
2019-05-17 00:00:00,7873.94,263.73
2019-05-16 00:00:00,8169.89,248.18
2019-05-15 00:00:00,8000.0,218.02
2019-05-14 00:00:00,7811.96,196.32
2019-05-13 00:00:00,6980.59,188.44
2019-05-12 00:00:00,7215.08,192.78
2019-05-11 00:00:00,6382.1,172.99
2019-05-10 00:00:00,6174.7,170.67
2019-05-09 00:00:00,5982.9,170.34
2019-05-08 00:00:00,5846.0,169.18
2019-05-07 00:00:00,5744.28,172.68
2019-05-06 00:00:00,5776.39,163.36
2019-05-05 00:00:00,5842.8,163.68
2019-05-04 00:00:00,5771.5,167.62
2019-05-03 00:00:00,5500.47,162.7
2019-05-02 00:00:00,5395.6,160.2
2019-05-01 00:00:00,5321.4,161.52
2019-04-30 00:00:00,5242.42,155.1
2019-04-29 00:00:00,5314.3,157.93
2019-04-28 00:00:00,5296.33,159.43
2019-04-27 00:00:00,5312.71,157.57
2019-04-26 00:00:00,5229.55,154.81
2019-04-25 00:00:00,5409.03,164.71
2019-04-24 00:00:00,5494.45,169.36
2019-04-23 00:00:00,5364.94,170.36
2019-04-22 00:00:00,5258.96,168.61
2019-04-21 00:00:00,5289.87,172.88
2019-04-20 00:00:00,5260.86,172.65
2019-04-19 00:00:00,5260.81,173.22
2019-04-18 00:00:00,5203.19,165.94
2019-04-17 00:00:00,5176.52,165.63
2019-04-16 00:00:00,5032.75,160.37
2019-04-15 00:00:00,5126.69,167.24
2019-04-14 00:00:00,5049.61,163.38
2019-04-13 00:00:00,5053.22,163.82
2019-04-12 00:00:00,5022.1,164.42
2019-04-11 00:00:00,5309.45,177.2
2019-04-10 00:00:00,5154.13,174.83
2019-04-09 00:00:00,5240.22,178.95
2019-04-08 00:00:00,5174.94,174.3
2019-04-07 00:00:00,5051.07,165.38
2019-04-06 00:00:00,5005.5,164.9
2019-04-05 00:00:00,4890.34,157.09
2019-04-04 00:00:00,4939.9,159.73
2019-04-03 00:00:00,4861.42,163.72
2019-04-02 00:00:00,4145.0,141.53
2019-04-01 00:00:00,4104.76,141.5
2019-03-31 00:00:00,4105.3,142.4
2019-03-30 00:00:00,4104.6,143.3
2019-03-29 00:00:00,4028.51,137.83
2019-03-28 00:00:00,4045.47,139.04
2019-03-27 00:00:00,3946.36,134.13
2019-03-26 00:00:00,3944.0,134.05
2019-03-25 00:00:00,3991.51,136.26
2019-03-24 00:00:00,4003.8,137.15
2019-03-23 00:00:00,3988.04,136.02
2019-03-22 00:00:00,3982.46,134.69
2019-03-21 00:00:00,4040.68,139.0
2019-03-20 00:00:00,4015.61,138.64
2019-03-19 00:00:00,3988.51,137.42
2019-03-18 00:00:00,3986.4,138.7
2019-03-17 00:00:00,4005.55,141.1
2019-03-16 00:00:00,3922.89,136.39
2019-03-15 00:00:00,3877.32,132.2
2019-03-14 00:00:00,3866.07,131.93
2019-03-13 00:00:00,3881.3,133.6
2019-03-12 00:00:00,3874.37,132.42
2019-03-11 00:00:00,3921.11,135.43
2019-03-10 00:00:00,3940.29,137.05
2019-03-09 00:00:00,3860.21,133.29
2019-03-08 00:00:00,3877.51,136.67
2019-03-07 00:00:00,3861.94,137.29
2019-03-06 00:00:00,3859.06,136.84
2019-03-05 00:00:00,3719.22,125.74
2019-03-04 00:00:00,3807.08,130.34
2019-03-03 00:00:00,3823.86,132.23
2019-03-02 00:00:00,3827.15,135.28
2019-03-01 00:00:00,3820.79,135.46
2019-02-28 00:00:00,3816.22,134.7
2019-02-27 00:00:00,3811.29,136.45
2019-02-26 00:00:00,3826.98,137.83
2019-02-25 00:00:00,3750.94,132.55
2019-02-24 00:00:00,4112.11,157.91
2019-02-23 00:00:00,3966.3,147.43
2019-02-22 00:00:00,3940.08,146.21
2019-02-21 00:00:00,3970.75,148.81
2019-02-20 00:00:00,3914.72,143.65
2019-02-19 00:00:00,3902.34,145.67
2019-02-18 00:00:00,3669.67,133.88
2019-02-17 00:00:00,3620.21,122.84
2019-02-16 00:00:00,3605.31,121.42
2019-02-15 00:00:00,3591.15,120.35
2019-02-14 00:00:00,3609.18,122.04
2019-02-13 00:00:00,3633.8,122.51
2019-02-12 00:00:00,3633.54,120.78
2019-02-11 00:00:00,3676.8,125.6
2019-02-10 00:00:00,3669.51,119.67
2019-02-09 00:00:00,3660.0,119.23
2019-02-08 00:00:00,3399.38,104.26
2019-02-07 00:00:00,3407.5,104.49
2019-02-06 00:00:00,3470.4,107.33
2019-02-05 00:00:00,3463.47,107.7
2019-02-04 00:00:00,3455.01,107.33
2019-02-03 00:00:00,3507.75,110.45
2019-02-02 00:00:00,3468.02,106.96
2019-02-01 00:00:00,3430.17,106.53
2019-01-31 00:00:00,3460.78,108.45
2019-01-30 00:00:00,3408.11,104.76
2019-01-29 00:00:00,3440.72,105.44
2019-01-28 00:00:00,3553.22,112.16
2019-01-27 00:00:00,3568.83,115.38
2019-01-26 00:00:00,3566.73,115.38
2019-01-25 00:00:00,3567.64,116.32
2019-01-24 00:00:00,3551.08,116.3
2019-01-23 00:00:00,3571.04,117.97
2019-01-22 00:00:00,3530.45,115.85
2019-01-21 00:00:00,3535.36,117.44
2019-01-20 00:00:00,3669.29,122.74
2019-01-19 00:00:00,3597.0,119.06
2019-01-18 00:00:00,3618.11,121.73
2019-01-17 00:00:00,3589.4,121.37
2019-01-16 00:00:00,3553.9,119.44
2019-01-15 00:00:00,3628.0,126.61
2019-01-14 00:00:00,3474.79,114.29
2019-01-13 00:00:00,3582.25,123.26
2019-01-12 00:00:00,3600.0,124.65
2019-01-11 00:00:00,3586.28,125.25
2019-01-10 00:00:00,3965.47,148.31
2019-01-09 00:00:00,3954.34,147.51
2019-01-08 00:00:00,3974.89,149.43
2019-01-07 00:00:00,3988.0,154.18
2019-01-06 00:00:00,3775.81,153.03
2019-01-05 00:00:00,3794.9,152.02
2019-01-04 00:00:00,3761.86,146.25
2019-01-03 00:00:00,3858.9,152.0
2019-01-02 00:00:00,3795.56,138.49
2019-01-01 00:00:00,3696.22,131.39
2018-12-31 00:00:00,3798.24,137.45
2018-12-30 00:00:00,3691.75,132.84
2018-12-29 00:00:00,3840.41,134.97
2018-12-28 00:00:00,3565.27,113.4
2018-12-27 00:00:00,3779.91,129.27
2018-12-26 00:00:00,3740.68,127.44
2018-12-25 00:00:00,4010.27,138.47
2018-12-24 00:00:00,3929.1,129.16
2018-12-23 00:00:00,3948.86,115.24
2018-12-22 00:00:00,3836.54,107.58
2018-12-21 00:00:00,4050.65,113.88
2018-12-20 00:00:00,3667.66,98.83
2018-12-19 00:00:00,3650.81,100.37
2018-12-18 00:00:00,3505.4,94.19
2018-12-17 00:00:00,3223.74,84.5
2018-12-16 00:00:00,3216.14,83.92
2018-12-15 00:00:00,3221.66,83.87
2018-12-14 00:00:00,3301.06,86.27
2018-12-13 00:00:00,3445.92,89.21
2018-12-12 00:00:00,3380.0,87.81
2018-12-11 00:00:00,3441.27,89.97
2018-12-10 00:00:00,3549.01,93.45
2018-12-09 00:00:00,3409.25,90.45
2018-12-08 00:00:00,3401.59,93.1
2018-12-07 00:00:00,3508.72,91.04
2018-12-06 00:00:00,3769.81,102.45
2018-12-05 00:00:00,3955.57,109.6
2018-12-04 00:00:00,3890.35,109.14
2018-12-03 00:00:00,4162.65,116.51
2018-12-02 00:00:00,4193.06,118.7
2018-12-01 00:00:00,4040.86,113.97
2018-11-30 00:00:00,4291.08,118.45
2018-11-29 00:00:00,4268.44,122.94
2018-11-28 00:00:00,3880.05,111.56
2018-11-27 00:00:00,3850.22,110.59
2018-11-26 00:00:00,4100.94,118.48
2018-11-25 00:00:00,3933.18,115.0
2018-11-24 00:00:00,4421.0,125.3
2018-11-23 00:00:00,4360.14,126.77
2018-11-22 00:00:00,4667.0,138.15
2018-11-21 00:00:00,4570.35,134.34
2018-11-20 00:00:00,4925.55,150.86
2018-11-19 00:00:00,5659.34,179.0
2018-11-18 00:00:00,5630.39,176.11
2018-11-17 00:00:00,5648.69,176.98
2018-11-16 00:00:00,5744.8,184.72
2018-11-15 00:00:00,5909.43,187.77
2018-11-14 00:00:00,6467.66,210.05
2018-11-13 00:00:00,6453.58,213.03
2018-11-12 00:00:00,6457.3,213.38
2018-11-11 00:00:00,6437.42,213.18
2018-11-10 00:00:00,6419.7,210.94
2018-11-09 00:00:00,6480.23,213.03
2018-11-08 00:00:00,6575.4,218.9
2018-11-07 00:00:00,6518.77,220.96
2018-11-06 00:00:00,6471.39,210.74
2018-11-05 00:00:00,6482.0,212.16
2018-11-04 00:00:00,6387.1,200.07
2018-11-03 00:00:00,6435.41,202.22
2018-11-02 00:00:00,6405.27,199.67
2018-11-01 00:00:00,6376.3,198.47
2018-10-31 00:00:00,6332.24,197.36
2018-10-30 00:00:00,6375.45,197.76
2018-10-29 00:00:00,6495.0,205.5
2018-10-28 00:00:00,6502.28,204.28
2018-10-27 00:00:00,6540.0,204.71
2018-10-26 00:00:00,6539.0,204.67
2018-10-25 00:00:00,6561.47,205.45
2018-10-24 00:00:00,6556.15,205.9
2018-10-23 00:00:00,6581.55,206.45
2018-10-22 00:00:00,6592.25,207.22
2018-10-21 00:00:00,6592.94,208.39
2018-10-20 00:00:00,6528.14,204.73
2018-10-19 00:00:00,6610.0,206.47
2018-10-18 00:00:00,6739.75,213.44
2018-10-17 00:00:00,6758.75,215.5
2018-10-16 00:00:00,6750.0,214.39
2018-10-15 00:00:00,6342.37,196.94
2018-10-14 00:00:00,6329.23,201.22
2018-10-13 00:00:00,6304.11,197.25
2018-10-12 00:00:00,6250.28,191.75
2018-10-11 00:00:00,6630.2,226.76
2018-10-10 00:00:00,6654.92,228.66
2018-10-09 00:00:00,6674.06,230.34
2018-10-08 00:00:00,6607.94,226.33
2018-10-07 00:00:00,6600.18,225.41
2018-10-06 00:00:00,6642.91,228.15
2018-10-05 00:00:00,6600.61,222.49
2018-10-04 00:00:00,6503.93,220.69
2018-10-03 00:00:00,6541.6,226.03
2018-10-02 00:00:00,6607.8,231.54
2018-10-01 00:00:00,6620.0,232.31
2018-09-30 00:00:00,6597.37,231.71
2018-09-29 00:00:00,6641.01,221.77
2018-09-28 00:00:00,6692.52,229.38
2018-09-27 00:00:00,6465.05,214.42
2018-09-26 00:00:00,6440.89,219.32
2018-09-25 00:00:00,6590.24,228.1
2018-09-24 00:00:00,6711.95,245.02
2018-09-23 00:00:00,6731.0,240.59
2018-09-22 00:00:00,6757.43,247.64
2018-09-21 00:00:00,6492.04,223.94
2018-09-20 00:00:00,6383.94,209.66
2018-09-19 00:00:00,6336.19,208.84
2018-09-18 00:00:00,6253.28,196.21
2018-09-17 00:00:00,6500.08,220.01
2018-09-16 00:00:00,6516.58,222.38
2018-09-15 00:00:00,6484.08,209.0
2018-09-14 00:00:00,6488.38,211.03
2018-09-13 00:00:00,6338.41,182.91
2018-09-12 00:00:00,6291.15,185.23
2018-09-11 00:00:00,6312.83,197.26
2018-09-10 00:00:00,6247.79,195.35
2018-09-09 00:00:00,6181.88,197.08
2018-09-08 00:00:00,6388.74,215.37
2018-09-07 00:00:00,6510.0,229.71
2018-09-06 00:00:00,6700.0,229.4
2018-09-05 00:00:00,7359.09,285.55
2018-09-04 00:00:00,7267.45,289.39
2018-09-03 00:00:00,7300.0,294.97
2018-09-02 00:00:00,7202.0,295.41
2018-09-01 00:00:00,7026.53,281.51
2018-08-31 00:00:00,6992.11,283.5
2018-08-30 00:00:00,7032.12,288.24
2018-08-29 00:00:00,7076.19,295.78
2018-08-28 00:00:00,6905.0,287.8
2018-08-27 00:00:00,6713.15,274.39
2018-08-26 00:00:00,6726.09,277.87
2018-08-25 00:00:00,6685.52,281.1
2018-08-24 00:00:00,6530.62,276.0
2018-08-23 00:00:00,6354.77,269.43
2018-08-22 00:00:00,6468.94,279.98
2018-08-21 00:00:00,6250.0,270.9
2018-08-20 00:00:00,6487.47,300.01
2018-08-19 00:00:00,6388.0,293.31
2018-08-18 00:00:00,6579.0,317.47
2018-08-17 00:00:00,6312.9,286.77
2018-08-16 00:00:00,6265.66,281.22
2018-08-15 00:00:00,6189.73,277.7
2018-08-14 00:00:00,6248.0,283.77
2018-08-13 00:00:00,6310.79,317.65
2018-08-12 00:00:00,6220.0,317.78
2018-08-11 00:00:00,6147.0,332.0
2018-08-10 00:00:00,6526.34,363.35
2018-08-09 00:00:00,6278.64,354.6
2018-08-08 00:00:00,6712.0,378.31
2018-08-07 00:00:00,6928.5,404.9
2018-08-06 00:00:00,7034.2,408.11
2018-08-05 00:00:00,7005.0,406.4
2018-08-04 00:00:00,7411.22,417.83
2018-08-03 00:00:00,7536.86,410.69
2018-08-02 00:00:00,7616.02,419.7
2018-08-01 00:00:00,7731.55,432.27
2018-07-31 00:00:00,8178.05,457.0
2018-07-30 00:00:00,8221.15,466.76
2018-07-29 00:00:00,8218.0,468.19
2018-07-28 00:00:00,8185.48,470.28
2018-07-27 00:00:00,7938.0,462.92
2018-07-26 00:00:00,8173.04,472.0
2018-07-25 00:00:00,8410.0,480.0
2018-07-24 00:00:00,7720.0,450.31
2018-07-23 00:00:00,7405.0,458.04
2018-07-22 00:00:00,7411.41,461.1
2018-07-21 00:00:00,7340.58,448.83
2018-07-20 00:00:00,7475.19,469.04
2018-07-19 00:00:00,7372.78,478.86
2018-07-18 00:00:00,7320.51,498.73
2018-07-17 00:00:00,6735.0,478.24
2018-07-16 00:00:00,6343.14,449.81
2018-07-15 00:00:00,6253.62,434.13
2018-07-14 00:00:00,6218.64,431.99
2018-07-13 00:00:00,6245.0,430.9
2018-07-12 00:00:00,6374.0,445.24
2018-07-11 00:00:00,6298.0,432.92
2018-07-10 00:00:00,6654.5,470.89
2018-07-09 00:00:00,6703.52,485.93
2018-07-08 00:00:00,6760.0,485.95
2018-07-07 00:00:00,6605.0,469.35
2018-07-06 00:00:00,6532.22,467.26
2018-07-05 00:00:00,6585.6,467.33
2018-07-04 00:00:00,6497.66,462.31
2018-07-03 00:00:00,6614.23,475.71
2018-07-02 00:00:00,6348.8,452.73
2018-07-01 00:00:00,6390.52,455.2
2018-06-30 00:00:00,6197.5,433.85
2018-06-29 00:00:00,5873.0,421.15
2018-06-28 00:00:00,6137.87,441.72
2018-06-27 00:00:00,6078.4,430.7
2018-06-26 00:00:00,6240.0,459.23
2018-06-25 00:00:00,6151.81,456.07
2018-06-24 00:00:00,6164.34,474.83
2018-06-23 00:00:00,6041.67,461.1
2018-06-22 00:00:00,6712.63,526.05
2018-06-21 00:00:00,6753.0,535.46
2018-06-20 00:00:00,6746.0,537.61
2018-06-19 00:00:00,6714.49,518.8
2018-06-18 00:00:00,6442.0,496.58
2018-06-17 00:00:00,6483.84,496.33
2018-06-16 00:00:00,6376.15,486.68
2018-06-15 00:00:00,6626.93,518.63
2018-06-14 00:00:00,6292.3,476.14
2018-06-13 00:00:00,6540.0,495.59
2018-06-12 00:00:00,6874.6,531.14
2018-06-11 00:00:00,6763.91,524.38
2018-06-10 00:00:00,7490.0,592.44
2018-06-09 00:00:00,7610.62,599.24
2018-06-08 00:00:00,7694.09,605.56
2018-06-07 00:00:00,7650.0,605.91
2018-06-06 00:00:00,7622.73,608.76
2018-06-05 00:00:00,7487.94,591.4
2018-06-04 00:00:00,7710.0,618.39
2018-06-03 00:00:00,7644.23,590.56
2018-06-02 00:00:00,7530.0,578.58
2018-06-01 00:00:00,7490.0,578.0
2018-05-31 00:00:00,7381.0,557.32
2018-05-30 00:00:00,7456.49,564.73
2018-05-29 00:00:00,7100.0,512.16
2018-05-28 00:00:00,7347.48,571.1
2018-05-27 00:00:00,7331.76,585.26
2018-05-26 00:00:00,7450.0,585.0
2018-05-25 00:00:00,7575.0,602.46
2018-05-24 00:00:00,7509.0,576.38
2018-05-23 00:00:00,7985.23,641.05
2018-05-22 00:00:00,8381.24,696.2
2018-05-21 00:00:00,8525.0,716.01
2018-05-20 00:00:00,8219.5,696.85
2018-05-19 00:00:00,8240.0,693.84
2018-05-18 00:00:00,8050.0,667.2
2018-05-17 00:00:00,8336.8,705.99
2018-05-16 00:00:00,8449.74,705.01
2018-05-15 00:00:00,8671.0,729.93
2018-05-14 00:00:00,8701.61,730.0
2018-05-13 00:00:00,8471.75,682.0
2018-05-12 00:00:00,8385.23,674.71
2018-05-11 00:00:00,9020.0,722.58
2018-05-10 00:00:00,9300.4,749.81
2018-05-09 00:00:00,9201.0,747.02
2018-05-08 00:00:00,9390.0,753.53
2018-05-07 00:00:00,9670.0,795.2
2018-05-06 00:00:00,9878.37,820.58
2018-05-05 00:00:00,9720.0,786.71
2018-05-04 00:00:00,9746.08,780.84
2018-05-03 00:00:00,9245.0,686.16
2018-05-02 00:00:00,9070.97,672.52
2018-05-01 00:00:00,9218.79,671.88
2018-04-30 00:00:00,9423.8,688.72
2018-04-29 00:00:00,9330.76,682.01
2018-04-28 00:00:00,8920.01,641.24
2018-04-27 00:00:00,9286.0,663.69
2018-04-26 00:00:00,8860.02,617.0
2018-04-25 00:00:00,9633.63,705.27
2018-04-24 00:00:00,8934.98,643.79
2018-04-23 00:00:00,8792.0,620.78
2018-04-22 00:00:00,8932.0,605.08
2018-04-21 00:00:00,8860.0,617.0
2018-04-20 00:00:00,8287.0,568.44
2018-04-19 00:00:00,8164.19,524.61
2018-04-18 00:00:00,7891.1,503.0
2018-04-17 00:00:00,8060.0,511.78
2018-04-16 00:00:00,8356.0,533.72
2018-04-15 00:00:00,7996.0,503.0
2018-04-14 00:00:00,7875.0,494.17
2018-04-13 00:00:00,7930.0,495.0
2018-04-12 00:00:00,6966.46,430.0
2018-04-11 00:00:00,6834.0,414.0
2018-04-10 00:00:00,6761.54,398.0
2018-04-09 00:00:00,7030.0,401.51
2018-04-08 00:00:00,6890.0,385.37
2018-04-07 00:00:00,6613.55,369.0
2018-04-06 00:00:00,6775.0,381.5
2018-04-05 00:00:00,6769.95,378.4
2018-04-04 00:00:00,7412.27,415.02
2018-04-03 00:00:00,7058.89,383.55
2018-04-02 00:00:00,6823.02,378.0
2018-04-01 00:00:00,6933.88,393.1
2018-03-31 00:00:00,6837.73,395.0
2018-03-30 00:00:00,7080.4,385.0
2018-03-29 00:00:00,7943.58,445.0
2018-03-28 00:00:00,7782.72,449.0
2018-03-27 00:00:00,8116.52,485.73
2018-03-26 00:00:00,8454.81,523.53
2018-03-25 00:00:00,8533.31,519.0
2018-03-24 00:00:00,8907.7,543.33
2018-03-23 00:00:00,8712.01,537.3
2018-03-22 00:00:00,8905.7,560.95
2018-03-21 00:00:00,8886.89,558.0
2018-03-20 00:00:00,8611.0,555.0
2018-03-19 00:00:00,8200.0,537.0
2018-03-18 00:00:00,7850.0,550.04
2018-03-17 00:00:00,8258.66,601.0
2018-03-16 00:00:00,8259.82,610.0
2018-03-15 00:00:00,8188.0,610.4
2018-03-14 00:00:00,9121.01,687.08
2018-03-13 00:00:00,9101.31,696.1
2018-03-12 00:00:00,9523.53,720.4
2018-03-11 00:00:00,8760.78,678.84
2018-03-10 00:00:00,9230.49,725.12
2018-03-09 00:00:00,9281.94,699.27
2018-03-08 00:00:00,9909.6,750.76
2018-03-07 00:00:00,10734.02,814.15
2018-03-06 00:00:00,11435.0,850.0
2018-03-05 00:00:00,11500.61,865.88
2018-03-04 00:00:00,11441.0,855.84
2018-03-03 00:00:00,11022.24,856.81
2018-03-02 00:00:00,10936.78,871.56
2018-03-01 00:00:00,10322.07,850.0
2018-02-28 00:00:00,10589.17,873.21
2018-02-27 00:00:00,10338.05,865.0
2018-02-26 00:00:00,9559.2,840.48
2018-02-25 00:00:00,9700.0,828.18
2018-02-24 00:00:00,10149.24,857.8
2018-02-23 00:00:00,9845.54,803.1
2018-02-22 00:00:00,10441.06,840.84
2018-02-21 00:00:00,11217.17,882.4
2018-02-20 00:00:00,11156.0,941.64
2018-02-19 00:00:00,10379.0,910.85
2018-02-18 00:00:00,11049.0,971.0
2018-02-17 00:00:00,10161.0,939.0
2018-02-16 00:00:00,10004.0,926.73
2018-02-15 00:00:00,9470.0,918.24
2018-02-14 00:00:00,8500.62,842.79
2018-02-13 00:00:00,8910.0,868.47
2018-02-12 00:00:00,8070.0,811.86
2018-02-11 00:00:00,8560.42,852.79
2018-02-10 00:00:00,8682.31,878.93
2018-02-09 00:00:00,8250.0,815.0
2018-02-08 00:00:00,7568.4,752.0
2018-02-07 00:00:00,7724.0,787.65
2018-02-06 00:00:00,6960.0,701.04
2018-02-05 00:00:00,8168.01,826.0
2018-02-04 00:00:00,9216.41,972.0
2018-02-03 00:00:00,8872.0,928.85
2018-02-02 00:00:00,9199.57,1039.19
2018-02-01 00:00:00,10261.26,1124.16
2018-01-31 00:00:00,10181.54,1076.4
2018-01-30 00:00:00,11227.0,1177.84
2018-01-29 00:00:00,11850.0,1245.0
2018-01-28 00:00:00,11480.56,1113.24
2018-01-27 00:00:00,11079.31,1047.88
2018-01-26 00:00:00,11170.46,1050.32
2018-01-25 00:00:00,11388.8,1062.02
2018-01-24 00:00:00,10807.77,985.85
2018-01-23 00:00:00,10767.0,995.12
2018-01-22 00:00:00,11510.0,1045.83
2018-01-21 00:00:00,12750.17,1148.48
2018-01-20 00:00:00,11410.54,1025.0
2018-01-19 00:00:00,11010.0,996.0
2018-01-18 00:00:00,11036.12,1016.26
2018-01-17 00:00:00,11102.7,1022.9
2018-01-16 00:00:00,13580.0,1275.0
2018-01-15 00:00:00,13560.0,1348.83
2018-01-14 00:00:00,14205.0,1382.0
2018-01-13 00:00:00,13812.53,1259.7
2018-01-12 00:00:00,13291.68,1139.27
2018-01-11 00:00:00,14854.0,1246.45
2018-01-10 00:00:00,14388.06,1276.52
2018-01-09 00:00:00,14922.81,1128.42
2018-01-08 00:00:00,16174.43,1116.63
2018-01-07 00:00:00,17158.73,1003.0
2018-01-06 00:00:00,16924.0,968.43
2018-01-05 00:00:00,15167.63,940.54
2018-01-04 00:00:00,15150.0,940.0
2018-01-03 00:00:00,14738.0,859.6
2018-01-02 00:00:00,13351.74,754.35
2018-01-01 00:00:00,13769.34,736.22
2017-12-31 00:00:00,12351.93,685.57
2017-12-30 00:00:00,14305.53,731.74
2017-12-29 00:00:00,14307.35,710.0
2017-12-28 00:00:00,15370.01,736.2
2017-12-27 00:00:00,15700.09,749.75
2017-12-26 00:00:00,13638.0,711.2
2017-12-25 00:00:00,13517.0,660.0
2017-12-24 00:00:00,13830.0,662.0
2017-12-23 00:00:00,13247.06,633.9
2017-12-22 00:00:00,15293.0,767.28
2017-12-21 00:00:00,16470.0,798.77
2017-12-20 00:00:00,17310.0,799.21
2017-12-19 00:00:00,18930.53,785.0
2017-12-18 00:00:00,18959.2,709.2
2017-12-17 00:00:00,19223.0,684.11
2017-12-16 00:00:00,17540.0,675.56
2017-12-15 00:00:00,16401.53,686.56
2017-12-14 00:00:00,15907.0,680.0
2017-12-13 00:00:00,16228.0,610.0
2017-12-12 00:00:00,16478.96,503.0
2017-12-11 00:00:00,14906.01,428.96
2017-12-10 00:00:00,14690.22,461.05
2017-12-09 00:00:00,15847.68,441.81
2017-12-08 00:00:00,16563.51,413.0
2017-12-07 00:00:00,13580.91,417.37
2017-12-06 00:00:00,11665.14,452.5
2017-12-05 00:00:00,11600.0,464.0
2017-12-04 00:00:00,11175.0,460.0
2017-12-03 00:00:00,10895.79,456.8
2017-12-02 00:00:00,10699.89,453.3
2017-12-01 00:00:00,9907.68,433.0
2017-11-30 00:00:00,9702.0,422.0
2017-11-29 00:00:00,9879.97,465.31
2017-11-28 00:00:00,9711.0,472.6
2017-11-27 00:00:00,9284.34,469.0
2017-11-26 00:00:00,8709.0,461.8
2017-11-25 00:00:00,8198.93,470.9
2017-11-24 00:00:00,8000.0,407.0
2017-11-23 00:00:00,8213.65,379.99
2017-11-22 00:00:00,8107.0,360.4
2017-11-21 00:00:00,8249.0,367.41
2017-11-20 00:00:00,8060.0,355.49
2017-11-19 00:00:00,7770.0,346.7
2017-11-18 00:00:00,7687.51,331.51
2017-11-17 00:00:00,7858.0,330.4
2017-11-16 00:00:00,7275.12,330.92
2017-11-15 00:00:00,6554.92,333.76
2017-11-14 00:00:00,6475.78,313.99
2017-11-13 00:00:00,5835.0,303.0
2017-11-12 00:00:00,6300.0,314.07
2017-11-11 00:00:00,6543.2,297.7
2017-11-10 00:00:00,7020.0,314.5
2017-11-09 00:00:00,7410.0,306.0
2017-11-08 00:00:00,7084.87,291.1
2017-11-07 00:00:00,6929.97,297.09
2017-11-06 00:00:00,7379.17,295.4
2017-11-05 00:00:00,7366.0,299.5
2017-11-04 00:00:00,7124.36,302.12
2017-11-03 00:00:00,7025.0,285.0
2017-11-02 00:00:00,6739.79,288.78
2017-11-01 00:00:00,6450.02,304.5
2017-10-31 00:00:00,6125.0,306.8
2017-10-30 00:00:00,6155.0,304.0
2017-10-29 00:00:00,5719.0,292.92
2017-10-28 00:00:00,5756.51,295.2
2017-10-27 00:00:00,5880.0,295.0
2017-10-26 00:00:00,5709.31,296.96
2017-10-25 00:00:00,5508.76,295.55
2017-10-24 00:00:00,5900.0,284.9
2017-10-23 00:00:00,5963.68,293.9
2017-10-22 00:00:00,6009.34,298.99
2017-10-21 00:00:00,5992.0,303.0
2017-10-20 00:00:00,5696.65,307.19
2017-10-19 00:00:00,5563.0,313.5
2017-10-18 00:00:00,5609.39,316.19
2017-10-17 00:00:00,5765.0,334.72
2017-10-16 00:00:00,5715.0,336.98
2017-10-15 00:00:00,5832.73,339.88
2017-10-14 00:00:00,5646.63,338.0
2017-10-13 00:00:00,5441.55,304.59
2017-10-12 00:00:00,4820.0,302.3
2017-10-11 00:00:00,4770.0,297.6
2017-10-10 00:00:00,4787.66,296.9
2017-10-09 00:00:00,4611.0,310.5
2017-10-08 00:00:00,4440.0,311.5
2017-10-07 00:00:00,4371.64,309.51
2017-10-06 00:00:00,4317.07,294.87
2017-10-05 00:00:00,4213.3,292.0
2017-10-04 00:00:00,4308.88,292.22
2017-10-03 00:00:00,4401.0,297.1
2017-10-02 00:00:00,4412.79,304.6
2017-10-01 00:00:00,4365.0,303.0
2017-09-30 00:00:00,4168.07,293.1
2017-09-29 00:00:00,4190.01,303.2
2017-09-28 00:00:00,4202.0,310.75
2017-09-27 00:00:00,3880.73,288.85
2017-09-26 00:00:00,3925.96,295.0
2017-09-25 00:00:00,3659.45,283.17
2017-09-24 00:00:00,3785.0,286.13
2017-09-23 00:00:00,3590.0,262.07
2017-09-22 00:00:00,3600.0,257.0
2017-09-21 00:00:00,3875.96,284.26
2017-09-20 00:00:00,3900.0,283.01
2017-09-19 00:00:00,4078.0,296.92
2017-09-18 00:00:00,3678.0,257.6
2017-09-17 00:00:00,3686.2,253.74
2017-09-16 00:00:00,3696.0,258.44
2017-09-15 00:00:00,3225.0,222.5
2017-09-14 00:00:00,3864.0,276.5
2017-09-13 00:00:00,4143.79,294.41
2017-09-12 00:00:00,4200.21,297.75
2017-09-11 00:00:00,4230.0,298.24
2017-09-10 00:00:00,4321.06,302.9
2017-09-09 00:00:00,4301.08,305.19
2017-09-08 00:00:00,4613.67,335.0
2017-09-07 00:00:00,4589.01,336.65
2017-09-06 00:00:00,4385.96,316.0
2017-09-05 00:00:00,4209.0,296.51
2017-09-04 00:00:00,4604.23,350.67
2017-09-03 00:00:00,4511.0,344.85
2017-09-02 00:00:00,4899.0,389.49
2017-09-01 00:00:00,4715.15,387.69
2017-08-31 00:00:00,4573.4,383.59
2017-08-30 00:00:00,4590.0,372.61
2017-08-29 00:00:00,4380.01,347.31
2017-08-28 00:00:00,4321.67,347.26
2017-08-27 00:00:00,4354.95,332.5
2017-08-26 00:00:00,4352.0,328.0
2017-08-25 00:00:00,4321.0,325.02
2017-08-24 00:00:00,4136.0,316.5
2017-08-23 00:00:00,4064.52,310.23
2017-08-22 00:00:00,3994.0,321.0
2017-08-21 00:00:00,4074.85,297.5
2017-08-20 00:00:00,4137.62,291.21
2017-08-19 00:00:00,4090.0,291.9
2017-08-18 00:00:00,4262.0,300.01
2017-08-17 00:00:00,4381.0,302.1
2017-08-16 00:00:00,4149.0,285.47
2017-08-15 00:00:00,4310.93,298.06
2017-08-14 00:00:00,4051.7,295.8
2017-08-13 00:00:00,3863.5,307.71
2017-08-12 00:00:00,3641.34,308.52
2017-08-11 00:00:00,3415.87,298.0
2017-08-10 00:00:00,3334.34,293.7
2017-08-09 00:00:00,3411.0,296.43
2017-08-08 00:00:00,3399.0,269.54
2017-08-07 00:00:00,3229.0,264.51
2017-08-06 00:00:00,3256.54,254.09
2017-08-05 00:00:00,2863.01,221.0
2017-08-04 00:00:00,2794.89,224.6
2017-08-03 00:00:00,2699.0,217.5
2017-08-02 00:00:00,2736.48,226.1
2017-08-01 00:00:00,2855.0,200.49
2017-07-31 00:00:00,2753.0,194.73
2017-07-30 00:00:00,2719.0,207.4
2017-07-29 00:00:00,2789.98,191.0
2017-07-28 00:00:00,2670.0,202.8
2017-07-27 00:00:00,2526.35,203.01
2017-07-26 00:00:00,2566.0,203.0
2017-07-25 00:00:00,2769.36,226.8
2017-07-24 00:00:00,2751.43,227.63
2017-07-23 00:00:00,2847.0,232.5
2017-07-22 00:00:00,2666.7,216.57
2017-07-21 00:00:00,2855.0,227.43
2017-07-20 00:00:00,2250.0,194.18
2017-07-19 00:00:00,2300.0,226.0
2017-07-18 00:00:00,2223.4,189.6
2017-07-17 00:00:00,1925.9,156.5
2017-07-16 00:00:00,1977.5,170.01
2017-07-15 00:00:00,2205.91,196.51
2017-07-14 00:00:00,2327.27,204.7
2017-07-13 00:00:00,2375.92,223.5
2017-07-12 00:00:00,2284.0,188.39
2017-07-11 00:00:00,2316.0,201.45
2017-07-10 00:00:00,2473.11,234.7
2017-07-09 00:00:00,2549.27,245.6
2017-07-08 00:00:00,2477.0,237.89
2017-07-07 00:00:00,2589.95,264.87
2017-07-06 00:00:00,2599.0,265.11
2017-07-05 00:00:00,2580.0,266.7
2017-07-04 00:00:00,2536.46,275.0
2017-07-03 00:00:00,2435.14,277.48
2017-07-02 00:00:00,2346.54,254.5
2017-07-01 00:00:00,2423.66,276.0
2017-06-30 00:00:00,2468.47,285.84
2017-06-29 00:00:00,2513.0,312.0
2017-06-28 00:00:00,2510.0,280.0
2017-06-27 00:00:00,2395.29,251.5
2017-06-26 00:00:00,2481.81,275.25
2017-06-25 00:00:00,2503.48,295.99
2017-06-24 00:00:00,2670.0,323.61
2017-06-23 00:00:00,2673.38,321.1
2017-06-22 00:00:00,2620.0,322.5
2017-06-21 00:00:00,2668.0,347.8
2017-06-20 00:00:00,2583.05,357.0
2017-06-19 00:00:00,2492.3,349.0
2017-06-18 00:00:00,2607.15,364.6
2017-06-17 00:00:00,2435.0,348.56
2017-06-16 00:00:00,2374.47,339.0
2017-06-15 00:00:00,2386.78,335.03
2017-06-14 00:00:00,2676.77,382.3
2017-06-13 00:00:00,2571.05,386.5
2017-06-12 00:00:00,2937.1,335.0
2017-06-11 00:00:00,2811.82,326.0
2017-06-10 00:00:00,2816.1,278.85
2017-06-09 00:00:00,2788.0,257.43
2017-06-08 00:00:00,2645.5,250.5
2017-06-07 00:00:00,2846.0,262.0
2017-06-06 00:00:00,2635.36,242.1
2017-06-05 00:00:00,2387.44,241.25
2017-06-03 00:00:00,2408.0,215.4
2017-06-02 00:00:00,2314.6,211.44
2017-06-01 00:00:00,2197.0,217.5
2017-05-31 00:00:00,2140.0,227.0
2017-05-30 00:00:00,2207.0,189.0
2017-05-29 00:00:00,2057.1,162.0
2017-05-28 00:00:00,1972.77,149.9
2017-05-27 00:00:00,2130.83,153.11
2017-05-26 00:00:00,2210.0,164.78
2017-05-25 00:00:00,2389.0,183.79
2017-05-24 00:00:00,2244.89,168.0
2017-05-23 00:00:00,2090.0,155.0
2017-05-22 00:00:00,2031.0,146.4
2017-05-21 00:00:00,2074.61,123.16
2017-05-20 00:00:00,1967.0,124.57
2017-05-19 00:00:00,1942.14,98.4
2017-05-18 00:00:00,1873.0,89.35
2017-05-17 00:00:00,1787.0,88.5
2017-05-16 00:00:00,1771.1,92.1
2017-05-15 00:00:00,1826.0,90.2
2017-05-14 00:00:00,1822.18,90.0
2017-05-13 00:00:00,1735.71,87.0
2017-05-12 00:00:00,1860.1,88.99
2017-05-11 00:00:00,1800.0,88.46
2017-05-10 00:00:00,1758.51,88.49
2017-05-09 00:00:00,1705.67,89.0
2017-05-08 00:00:00,1620.15,94.81
2017-05-07 00:00:00,1598.21,96.6
2017-05-06 00:00:00,1543.4,91.31
2017-05-05 00:00:00,1603.9,99.2
2017-05-04 00:00:00,1615.62,85.8
2017-05-03 00:00:00,1561.91,82.36
2017-05-02 00:00:00,1530.0,81.48
2017-05-01 00:00:00,1435.09,83.6
2017-04-30 00:00:00,1424.64,73.5
2017-04-29 00:00:00,1413.3,75.85
2017-04-28 00:00:00,1439.38,67.99
2017-04-27 00:00:00,1398.63,57.36
2017-04-26 00:00:00,1371.3,53.75
2017-04-25 00:00:00,1347.4,53.47
2017-04-24 00:00:00,1352.19,53.04
2017-04-23 00:00:00,1346.0,52.2
2017-04-22 00:00:00,1328.0,51.49
2017-04-21 00:00:00,1306.65,51.83
2017-04-20 00:00:00,1262.89,49.9
2017-04-19 00:00:00,1268.05,52.49
2017-04-18 00:00:00,1239.0,49.41
2017-04-17 00:00:00,1212.5,49.51
2017-04-16 00:00:00,1194.55,49.47
2017-04-15 00:00:00,1207.51,48.4
2017-04-14 00:00:00,1186.0,50.58
2017-04-13 00:00:00,1227.0,46.91
2017-04-12 00:00:00,1236.0,44.31
2017-04-11 00:00:00,1219.5,44.14
2017-04-10 00:00:00,1216.54,44.0
2017-04-09 00:00:00,1189.69,44.78
2017-04-08 00:00:00,1197.59,42.31
2017-04-07 00:00:00,1193.92,43.34
2017-04-06 00:00:00,1140.0,45.25
2017-04-05 00:00:00,1143.91,44.58
2017-04-04 00:00:00,1151.21,44.17
2017-04-03 00:00:00,1106.63,48.34
2017-04-02 00:00:00,1095.87,50.45
2017-04-01 00:00:00,1081.36,49.65
2017-03-31 00:00:00,1040.6,51.5
2017-03-30 00:00:00,1040.0,52.78
2017-03-29 00:00:00,1042.35,50.2
2017-03-28 00:00:00,1040.25,48.78
2017-03-27 00:00:00,963.05,50.2
2017-03-26 00:00:00,971.95,51.18
2017-03-25 00:00:00,942.51,53.68
2017-03-24 00:00:00,1035.0,43.25
2017-03-23 00:00:00,1037.7,41.36
2017-03-22 00:00:00,1117.98,42.49
2017-03-21 00:00:00,1036.88,42.0
2017-03-20 00:00:00,1015.1,43.28
2017-03-19 00:00:00,966.0,33.98
2017-03-18 00:00:00,1070.0,44.44
2017-03-17 00:00:00,1166.0,45.0
2017-03-16 00:00:00,1255.01,34.95
2017-03-15 00:00:00,1243.22,28.69
2017-03-14 00:00:00,1237.0,28.4
2017-03-13 00:00:00,1224.4,23.24
2017-03-12 00:00:00,1175.01,21.31
2017-03-11 00:00:00,1113.0,19.4
2017-03-10 00:00:00,1192.91,17.73
2017-03-09 00:00:00,1146.0,16.49
2017-03-08 00:00:00,1231.26,18.85
2017-03-07 00:00:00,1274.32,19.46
2017-03-06 00:00:00,1276.0,19.35
2017-03-05 00:00:00,1268.0,18.55
2017-03-04 00:00:00,1287.95,19.42
2017-03-03 00:00:00,1258.43,18.97
2017-03-02 00:00:00,1234.0,17.5
2017-03-01 00:00:00,1185.0,15.8
2017-02-28 00:00:00,1192.2,15.5
2017-02-27 00:00:00,1179.0,14.59
2017-02-26 00:00:00,1153.0,13.57
2017-02-25 00:00:00,1188.11,13.09
2017-02-23 00:00:00,1126.0,12.71
2017-02-22 00:00:00,1127.0,12.79
2017-02-21 00:00:00,1094.71,12.43
2017-02-20 00:00:00,1058.17,12.82
2017-02-19 00:00:00,1057.79,12.81
2017-02-18 00:00:00,1053.67,12.76
2017-02-17 00:00:00,1039.5,12.89
2017-02-16 00:00:00,1015.57,12.99
2017-02-15 00:00:00,1013.0,12.94
2017-02-14 00:00:00,995.12,11.32
2017-02-13 00:00:00,998.0,11.34
2017-02-12 00:00:00,1004.9,11.28
2017-02-11 00:00:00,998.04,11.28
2017-02-10 00:00:00,982.1,10.95
2017-02-09 00:00:00,1054.72,11.35
2017-02-08 00:00:00,1053.75,11.42
2017-02-07 00:00:00,1022.0,11.32
2017-02-06 00:00:00,1010.0,11.12
2017-02-05 00:00:00,1031.19,11.34
2017-02-04 00:00:00,1012.0,10.91
2017-02-03 00:00:00,1005.2,10.79
2017-02-02 00:00:00,985.8,10.7
2017-02-01 00:00:00,967.87,10.68
2017-01-31 00:00:00,918.3,10.52
2017-01-30 00:00:00,914.75,10.44
2017-01-29 00:00:00,919.44,10.54
2017-01-28 00:00:00,916.57,10.46
2017-01-27 00:00:00,914.0,10.63
2017-01-26 00:00:00,892.69,10.48
2017-01-25 00:00:00,890.41,10.51
2017-01-24 00:00:00,919.87,10.75
2017-01-23 00:00:00,920.37,10.64
2017-01-22 00:00:00,925.41,10.94
2017-01-21 00:00:00,897.51,10.58
2017-01-20 00:00:00,898.82,10.36
2017-01-19 00:00:00,874.55,10.17
2017-01-18 00:00:00,904.57,10.22
2017-01-17 00:00:00,828.33,9.571
2017-01-16 00:00:00,820.0,9.78
2017-01-15 00:00:00,816.1,9.631
2017-01-14 00:00:00,825.18,9.647
2017-01-13 00:00:00,816.0,9.721
2017-01-12 00:00:00,789.0,9.692
2017-01-11 00:00:00,908.57,10.58
2017-01-10 00:00:00,907.0,10.3
2017-01-09 00:00:00,908.51,10.38
2017-01-08 00:00:00,899.0,9.906
2017-01-07 00:00:00,888.66,10.04
2017-01-06 00:00:00,989.77,10.16
2017-01-05 00:00:00,1137.0,10.97
2017-01-04 00:00:00,1035.97,9.692
2017-01-03 00:00:00,1018.15,8.338
2017-01-02 00:00:00,998.86,8.22
2017-01-01 00:00:00,965.0,7.98
2016-12-31 00:00:00,962.21,8.146
2016-12-30 00:00:00,976.09,8.226
2016-12-29 00:00:00,981.9,7.521
2016-12-28 00:00:00,930.0,7.151
2016-12-27 00:00:00,905.5,7.26
2016-12-26 00:00:00,896.35,7.189
2016-12-25 00:00:00,892.0,7.25
2016-12-24 00:00:00,916.94,7.132
2016-12-23 00:00:00,859.0,7.653
2016-12-22 00:00:00,826.98,7.894
2016-12-21 00:00:00,801.73,7.57
2016-12-20 00:00:00,792.39,7.6
2016-12-19 00:00:00,790.0,7.847
2016-12-18 00:00:00,792.6,7.697
2016-12-17 00:00:00,784.0,7.82
2016-12-16 00:00:00,779.55,7.77
2016-12-15 00:00:00,778.34,8.291
2016-12-14 00:00:00,781.7,8.372
2016-12-13 00:00:00,779.1,8.5
2016-12-12 00:00:00,768.0,8.208
2016-12-11 00:00:00,774.99,8.13
2016-12-10 00:00:00,769.99,8.529
2016-12-09 00:00:00,770.19,8.27
2016-12-08 00:00:00,767.26,8.34
2016-12-07 00:00:00,757.83,7.69
2016-12-06 00:00:00,754.32,6.691
2016-12-05 00:00:00,770.84,7.535
2016-12-04 00:00:00,766.33,7.917
2016-12-03 00:00:00,776.92,7.731
2016-12-02 00:00:00,752.27,8.486
2016-12-01 00:00:00,741.0,8.58
2016-11-30 00:00:00,730.42,8.2
2016-11-29 00:00:00,730.56,8.651
2016-11-28 00:00:00,727.49,8.807
2016-11-27 00:00:00,736.0,9.236
2016-11-26 00:00:00,740.0,9.427
2016-11-25 00:00:00,737.28,9.11
2016-11-24 00:00:00,740.45,9.72
2016-11-23 00:00:00,748.08,9.785
2016-11-22 00:00:00,737.73,9.652
2016-11-21 00:00:00,733.25,9.59
2016-11-20 00:00:00,754.17,9.652
2016-11-19 00:00:00,751.17,9.528
2016-11-18 00:00:00,736.9,9.936
2016-11-17 00:00:00,743.21,9.999
2016-11-16 00:00:00,713.94,10.24
2016-11-15 00:00:00,704.2,9.95
2016-11-14 00:00:00,702.95,10.1
2016-11-13 00:00:00,705.77,9.908
2016-11-12 00:00:00,717.5,10.35
2016-11-11 00:00:00,716.57,10.6
2016-11-10 00:00:00,725.0,10.73
2016-11-09 00:00:00,712.0,10.9
2016-11-08 00:00:00,707.81,10.88
2016-11-07 00:00:00,714.49,10.97
2016-11-06 00:00:00,707.83,11.18
2016-11-05 00:00:00,706.67,11.13
2016-11-04 00:00:00,688.0,10.83
2016-11-03 00:00:00,737.9,10.92
2016-11-02 00:00:00,736.04,10.81
2016-11-01 00:00:00,700.9,11.02
2016-10-31 00:00:00,700.94,11.33
2016-10-30 00:00:00,718.96,10.33
2016-10-29 00:00:00,690.0,11.14
2016-10-28 00:00:00,684.44,11.42
2016-10-27 00:00:00,675.24,11.5
2016-10-26 00:00:00,654.51,11.39
2016-10-25 00:00:00,655.5,11.98
2016-10-24 00:00:00,658.14,12.09
2016-10-23 00:00:00,663.7,12.31
2016-10-22 00:00:00,632.56,12.12
2016-10-21 00:00:00,633.68,12.06
2016-10-20 00:00:00,629.67,11.95
2016-10-19 00:00:00,637.0,12.51
2016-10-18 00:00:00,639.74,11.97
2016-10-17 00:00:00,645.56,11.95
2016-10-16 00:00:00,640.14,12.03
2016-10-15 00:00:00,639.6,11.92
2016-10-14 00:00:00,639.38,12.07
2016-10-13 00:00:00,638.0,11.71
2016-10-12 00:00:00,641.69,11.7
2016-10-11 00:00:00,619.4,11.71
2016-10-10 00:00:00,616.47,12.0
2016-10-09 00:00:00,619.0,12.27
2016-10-08 00:00:00,618.51,12.75
2016-10-07 00:00:00,612.5,12.85
2016-10-06 00:00:00,614.15,13.06
2016-10-05 00:00:00,609.55,13.21
2016-10-04 00:00:00,613.0,13.47
2016-10-03 00:00:00,611.35,13.17
2016-10-02 00:00:00,615.32,13.24
2016-10-01 00:00:00,611.22,13.25
2016-09-30 00:00:00,607.03,13.11
2016-09-29 00:00:00,605.64,13.26
2016-09-28 00:00:00,605.2,13.04
2016-09-27 00:00:00,610.0,12.85
2016-09-26 00:00:00,601.6,13.05
2016-09-25 00:00:00,603.02,12.82
2016-09-24 00:00:00,603.22,13.32
2016-09-23 00:00:00,598.15,13.24
2016-09-22 00:00:00,596.75,13.75
2016-09-21 00:00:00,612.13,14.42
2016-09-20 00:00:00,612.27,12.98
2016-09-19 00:00:00,614.0,12.26
2016-09-18 00:00:00,606.9,12.74
2016-09-17 00:00:00,610.76,12.66
2016-09-16 00:00:00,612.6,12.06
2016-09-15 00:00:00,613.31,12.05
2016-09-14 00:00:00,615.98,11.99
2016-09-13 00:00:00,611.97,11.92
2016-09-12 00:00:00,610.51,11.64
2016-09-11 00:00:00,626.2,12.1
2016-09-10 00:00:00,627.0,11.66
2016-09-09 00:00:00,630.69,11.46
2016-09-08 00:00:00,619.1,11.63
2016-09-07 00:00:00,615.25,11.78
2016-09-06 00:00:00,611.76,11.88
2016-09-05 00:00:00,613.95,11.74
2016-09-04 00:00:00,607.75,11.94
2016-09-03 00:00:00,579.08,12.1
2016-09-02 00:00:00,573.99,12.2
2016-09-01 00:00:00,575.02,11.6
2016-08-31 00:00:00,579.96,11.32
2016-08-30 00:00:00,576.91,10.99
2016-08-29 00:00:00,572.52,10.89
2016-08-28 00:00:00,566.0,11.25
2016-08-27 00:00:00,577.7,11.3
2016-08-26 00:00:00,577.0,11.35
2016-08-25 00:00:00,580.38,11.05
2016-08-24 00:00:00,582.25,10.96
2016-08-23 00:00:00,589.03,11.14
2016-08-22 00:00:00,581.0,11.18
2016-08-21 00:00:00,584.02,11.26
2016-08-20 00:00:00,575.99,10.77
2016-08-19 00:00:00,573.43,10.75
2016-08-18 00:00:00,570.02,10.79
2016-08-17 00:00:00,578.68,11.14
2016-08-16 00:00:00,567.32,11.11
2016-08-15 00:00:00,567.19,11.09
2016-08-14 00:00:00,583.95,11.51
2016-08-13 00:00:00,588.72,11.75
2016-08-12 00:00:00,587.5,11.65
2016-08-11 00:00:00,595.22,12.34
2016-08-10 00:00:00,602.63,12.45
2016-08-09 00:00:00,593.52,11.4
2016-08-08 00:00:00,603.1,11.06
2016-08-07 00:00:00,584.85,10.89
2016-08-06 00:00:00,574.3,10.94
2016-08-05 00:00:00,583.0,11.22
2016-08-04 00:00:00,565.48,10.15
2016-08-03 00:00:00,498.08,8.169
2016-08-02 00:00:00,606.01,11.03
2016-08-01 00:00:00,625.4,11.88
2016-07-31 00:00:00,656.58,12.55
2016-07-30 00:00:00,661.29,12.8
2016-07-29 00:00:00,655.9,12.97
2016-07-28 00:00:00,657.3,13.04
2016-07-27 00:00:00,655.1,12.0
2016-07-26 00:00:00,651.13,13.8
2016-07-25 00:00:00,663.5,12.72
2016-07-24 00:00:00,656.42,14.23
2016-07-23 00:00:00,644.16,14.75
2016-07-22 00:00:00,666.61,12.5
2016-07-21 00:00:00,666.0,12.46
2016-07-20 00:00:00,674.53,11.68
2016-07-19 00:00:00,677.0,11.04
2016-07-18 00:00:00,680.0,11.28
2016-07-17 00:00:00,667.57,11.73
2016-07-16 00:00:00,670.46,11.98
2016-07-15 00:00:00,659.51,11.55
2016-07-14 00:00:00,665.86,10.56
2016-07-13 00:00:00,677.49,10.57
2016-07-12 00:00:00,649.0,10.59
2016-07-11 00:00:00,647.9,10.96
2016-07-10 00:00:00,653.0,10.99
2016-07-09 00:00:00,667.0,11.13
2016-07-08 00:00:00,637.3,10.14
2016-07-07 00:00:00,673.42,10.44
2016-07-06 00:00:00,665.46,10.5
2016-07-05 00:00:00,678.0,11.41
2016-07-04 00:00:00,664.39,11.87
2016-07-03 00:00:00,701.31,12.18
2016-07-02 00:00:00,676.9,12.38
2016-07-01 00:00:00,673.1,12.44
2016-06-30 00:00:00,641.5,12.76
2016-06-29 00:00:00,644.15,12.17
2016-06-28 00:00:00,648.5,13.89
2016-06-27 00:00:00,630.0,13.77
2016-06-26 00:00:00,669.83,14.4
2016-06-25 00:00:00,663.96,14.3
2016-06-24 00:00:00,636.95,13.85
2016-06-23 00:00:00,593.0,13.15
2016-06-22 00:00:00,674.0,12.76
2016-06-21 00:00:00,727.03,11.67
2016-06-20 00:00:00,758.26,12.27
2016-06-19 00:00:00,757.89,11.37
2016-06-18 00:00:00,743.2,15.5
2016-06-17 00:00:00,760.0,20.5
2016-06-16 00:00:00,687.01,18.18
2016-06-15 00:00:00,678.0,18.51
2016-06-14 00:00:00,688.0,17.2
2016-06-13 00:00:00,654.04,15.6
2016-06-12 00:00:00,593.0,13.95
2016-06-11 00:00:00,579.13,13.87
2016-06-10 00:00:00,580.0,14.39
2016-06-09 00:00:00,582.79,14.45
2016-06-08 00:00:00,578.96,14.4
2016-06-07 00:00:00,586.0,13.94
2016-06-06 00:00:00,580.0,14.01
2016-06-05 00:00:00,571.13,13.83
2016-06-04 00:00:00,568.22,13.8
2016-06-03 00:00:00,537.0,13.71
2016-06-02 00:00:00,535.49,13.77
2016-06-01 00:00:00,527.0,13.87
2016-05-31 00:00:00,538.9,12.77
2016-05-30 00:00:00,523.5,12.35
2016-05-29 00:00:00,478.86,10.75
2016-05-28 00:00:00,469.0,11.03
2016-05-27 00:00:00,450.76,12.52
2016-05-26 00:00:00,449.68,12.64
2016-05-25 00:00:00,447.0,12.64
2016-05-24 00:00:00,441.27,13.25
2016-05-23 00:00:00,434.17,14.08
2016-05-22 00:00:00,435.43,13.7
2016-05-21 00:00:00,435.01,13.62
2016-05-20 00:00:00,438.0,14.49
2016-05-19 00:00:00,448.53,13.19
2016-05-18 00:00:00,450.71,11.92
2016-05-17 00:00:00,453.29,11.19
2016-05-16 00:00:00,459.16,9.95
2016-05-15 00:00:00,455.63,10.23
2016-05-14 00:00:00,454.73,10.52
2016-05-13 00:00:00,455.03,10.08
2016-05-12 00:00:00,450.96,9.87
2016-05-11 00:00:00,450.77,9.377
2016-05-10 00:00:00,460.5,9.32
2016-05-09 00:00:00,458.62,9.5
2016-05-08 00:00:00,457.76,9.35
2016-05-07 00:00:00,461.0,9.27
2016-05-06 00:00:00,446.12,9.849
2016-05-05 00:00:00,449.49,9.368
2016-05-04 00:00:00,450.9,9.33
2016-05-03 00:00:00,445.51,10.11
2016-05-02 00:00:00,447.0,8.83
2016-05-01 00:00:00,442.8,8.845
2016-04-30 00:00:00,454.0,7.496
2016-04-29 00:00:00,449.53,7.284
2016-04-28 00:00:00,444.5,7.703
2016-04-27 00:00:00,465.87,7.378
2016-04-26 00:00:00,470.19,7.608
2016-04-25 00:00:00,460.9,8.036
2016-04-24 00:00:00,453.11,8.431
2016-04-23 00:00:00,448.04,7.911
2016-04-22 00:00:00,450.8,8.157
2016-04-21 00:00:00,443.5,8.536
2016-04-20 00:00:00,437.58,8.75
2016-04-19 00:00:00,430.99,8.95
2016-04-18 00:00:00,429.71,9.45
2016-04-17 00:00:00,431.67,8.522
2016-04-16 00:00:00,432.49,8.253
2016-04-15 00:00:00,427.18,8.44
2016-04-14 00:00:00,425.12,8.075
2016-04-13 00:00:00,427.5,7.494
2016-04-12 00:00:00,423.5,8.641
2016-04-11 00:00:00,420.0,8.728
2016-04-10 00:00:00,417.01,9.125
2016-04-09 00:00:00,419.09,9.822
2016-04-08 00:00:00,422.9,10.11
2016-04-07 00:00:00,422.92,10.72
2016-04-06 00:00:00,424.16,10.44
2016-04-05 00:00:00,420.5,11.11
2016-04-04 00:00:00,423.7,11.6
2016-04-03 00:00:00,421.93,11.6
2016-04-02 00:00:00,418.96,11.71
2016-04-01 00:00:00,415.89,11.32
2016-03-31 00:00:00,417.1,11.9
2016-03-30 00:00:00,414.7,11.75
2016-03-29 00:00:00,421.52,11.67
2016-03-28 00:00:00,424.7,10.32
2016-03-27 00:00:00,415.27,11.0
2016-03-26 00:00:00,414.91,10.55
2016-03-25 00:00:00,418.0,11.2
2016-03-24 00:00:00,417.42,12.37
2016-03-23 00:00:00,417.03,11.32
2016-03-22 00:00:00,406.72,11.75
2016-03-21 00:00:00,408.41,9.98
2016-03-20 00:00:00,405.71,10.49
2016-03-19 00:00:00,405.0,10.5
2016-03-18 00:00:00,415.0,10.9
2016-03-17 00:00:00,414.5,12.98
2016-03-16 00:00:00,414.73,13.0
2016-03-15 00:00:00,417.29,12.43
2016-03-14 00:00:00,403.83,14.9
2016-03-13 00:00:00,411.76,13.39
2016-03-12 00:00:00,418.0,11.35
2016-03-11 00:00:00,413.04,11.25
2016-03-10 00:00:00,404.61,11.7
2016-03-09 00:00:00,411.59,9.82
2016-03-08 00:00:00,412.59,9.479
2016-03-07 00:00:00,409.63,11.35
2016-03-06 00:00:00,381.41,10.5
2016-03-05 00:00:00,404.0,9.901
2016-03-04 00:00:00,421.59,9.275
2016-03-03 00:00:00,428.86,8.494
2016-03-02 00:00:00,430.61,7.663
2016-03-01 00:00:00,440.0,6.457
2016-02-29 00:00:00,432.85,6.412
2016-02-28 00:00:00,429.98,6.281
2016-02-27 00:00:00,424.0,5.755
2016-02-26 00:00:00,421.91,5.996
2016-02-25 00:00:00,415.31,5.99
2016-02-24 00:00:00,417.0,5.5
2016-02-23 00:00:00,439.8,5.7
2016-02-22 00:00:00,441.34,4.792
2016-02-21 00:00:00,436.5,4.39
2016-02-20 00:00:00,416.0,4.53
2016-02-19 00:00:00,419.0,4.138
2016-02-18 00:00:00,418.0,3.621
2016-02-17 00:00:00,411.48,4.3
2016-02-16 00:00:00,399.0,5.3
2016-02-15 00:00:00,402.73,4.965
2016-02-14 00:00:00,388.89,5.5
2016-02-13 00:00:00,388.0,5.65
2016-02-12 00:00:00,388.25,6.0
2016-02-11 00:00:00,383.18,4.336
2016-02-10 00:00:00,376.72,3.687
2016-02-09 00:00:00,374.05,3.04
2016-02-08 00:00:00,373.0,2.869
2016-02-07 00:00:00,377.64,2.43
2016-02-06 00:00:00,383.06,2.5
2016-02-05 00:00:00,384.0,2.52
2016-02-04 00:00:00,358.52,2.41
2016-02-03 00:00:00,368.69,2.19
2016-02-02 00:00:00,374.14,2.111
2016-02-01 00:00:00,371.21,2.37
2016-01-31 00:00:00,378.67,2.512
2016-01-30 00:00:00,376.86,2.509
2016-01-29 00:00:00,378.0,2.355
2016-01-28 00:00:00,396.0,2.424
2016-01-27 00:00:00,391.46,2.14
2016-01-26 00:00:00,392.17,2.47
2016-01-25 00:00:00,406.8,2.108
2016-01-24 00:00:00,384.12,1.937
2016-01-23 00:00:00,380.97,1.511
2016-01-22 00:00:00,406.0,1.547
2016-01-21 00:00:00,418.0,1.485
2016-01-20 00:00:00,377.42,1.36
2016-01-19 00:00:00,384.5,1.406
2016-01-18 00:00:00,372.5,1.29
2016-01-17 00:00:00,381.82,1.223
2016-01-16 00:00:00,369.99,1.209
2016-01-15 00:00:00,429.5,1.152
2016-01-14 00:00:00,433.18,1.09
2016-01-13 00:00:00,446.2,1.147
2016-01-12 00:00:00,448.44,1.05
2016-01-11 00:00:00,447.87,0.9744
2016-01-10 00:00:00,447.42,0.9734
2016-01-09 00:00:00,455.0,1.016
2016-01-08 00:00:00,451.1,0.9665
2016-01-07 00:00:00,427.5,0.938
2016-01-06 00:00:00,430.38,0.9394
2016-01-05 00:00:00,432.0,0.9622
2016-01-04 00:00:00,428.14,0.9605
2016-01-03 00:00:00,436.95,0.957
2016-01-02 00:00:00,434.99,0.9591
2016-01-01 00:00:00,430.57,0.9199
2015-12-31 00:00:00,425.12,0.94
2015-12-30 00:00:00,427.0,0.8513
2015-12-29 00:00:00,423.6,0.8127
2015-12-28 00:00:00,421.24,0.851
2015-12-27 00:00:00,418.54,0.85
2015-12-26 00:00:00,459.38,0.9
2015-12-25 00:00:00,453.06,0.85
2015-12-24 00:00:00,445.79,0.825
2015-12-23 00:00:00,434.84,0.8959
2015-12-22 00:00:00,439.8,0.8771
2015-12-21 00:00:00,438.1,0.889
2015-12-20 00:00:00,459.9,0.92
2015-12-19 00:00:00,460.0,0.92
2015-12-18 00:00:00,454.5,0.9307
2015-12-17 00:00:00,453.0,0.9766
2015-12-16 00:00:00,462.6,0.9946
2015-12-15 00:00:00,444.65,0.9757
2015-12-14 00:00:00,444.0,0.9775
2015-12-13 00:00:00,432.87,0.9706
2015-12-12 00:00:00,450.0,0.899
2015-12-11 00:00:00,417.0,0.8406
2015-12-10 00:00:00,422.0,0.8
2015-12-09 00:00:00,413.8,0.8206
2015-12-08 00:00:00,396.21,0.8061
2015-12-07 00:00:00,390.3,0.84
2015-12-06 00:00:00,380.45,0.8476
2015-12-05 00:00:00,365.51,0.8415
2015-12-04 00:00:00,367.0,0.82
2015-12-03 00:00:00,366.37,0.84
2015-12-02 00:00:00,358.0,0.87
2015-12-01 00:00:00,379.5,0.9
2015-11-30 00:00:00,370.0,0.886
2015-11-29 00:00:00,357.0,0.9361
2015-11-28 00:00:00,362.0,0.87
2015-11-27 00:00:00,355.1,0.8948
2015-11-26 00:00:00,328.99,0.8651
2015-11-25 00:00:00,321.0,0.9338
2015-11-24 00:00:00,325.47,0.9338
2015-11-23 00:00:00,331.9,0.98
2015-11-22 00:00:00,328.8,0.98
2015-11-21 00:00:00,322.0,0.9251
2015-11-20 00:00:00,327.0,0.9788
2015-11-19 00:00:00,338.0,1.008
2015-11-18 00:00:00,334.01,1.017
2015-11-17 00:00:00,332.0,0.9323
2015-11-16 00:00:00,318.0,0.91
2015-11-15 00:00:00,332.2,0.8802
2015-11-14 00:00:00,339.01,0.8958
2015-11-13 00:00:00,338.42,0.896
2015-11-12 00:00:00,307.0,0.7425
2015-11-11 00:00:00,335.0,0.9143
2015-11-10 00:00:00,382.5,1.01
2015-11-09 00:00:00,370.0,0.9929
2015-11-08 00:00:00,390.0,0.939
2015-11-07 00:00:00,378.0,0.9309
2015-11-06 00:00:00,383.1,0.92
2015-11-05 00:00:00,391.0,0.8293
2015-11-04 00:00:00,392.1,1.0
2015-11-03 00:00:00,369.99,0.9899
2015-11-02 00:00:00,326.74,1.049
2015-11-01 00:00:00,310.0,0.8913
2015-10-31 00:00:00,325.0,1.015
2015-10-30 00:00:00,309.57,1.2
2015-10-29 00:00:00,304.89,0.77
2015-10-28 00:00:00,297.5,0.85
2015-10-27 00:00:00,280.26,0.737
2015-10-26 00:00:00,290.5,0.6735
2015-10-25 00:00:00,280.0,0.4652
2015-10-24 00:00:00,277.86,0.645
2015-10-23 00:00:00,276.15,0.6233
2015-10-22 00:00:00,266.3,0.4297
2015-10-21 00:00:00,275.5,0.4511
2015-10-20 00:00:00,263.0,0.4711
2015-10-19 00:00:00,270.0,0.513
2015-10-18 00:00:00,267.04,0.5586
2015-10-17 00:00:00,266.08,0.521
2015-10-16 00:00:00,259.24,0.6
2015-10-15 00:00:00,252.3,0.52
2015-10-14 00:00:00,248.47,0.6
2015-10-13 00:00:00,244.6,0.6001
2015-10-12 00:00:00,243.41,0.67
2015-10-11 00:00:00,246.5,0.6286
2015-10-10 00:00:00,246.4,0.7
2015-10-09 00:00:00,246.89,0.6429
2015-10-08 00:00:00,243.0,0.68
2015-10-07 00:00:00,242.25,0.71
2015-10-06 00:00:00,236.98,0.675
2015-10-05 00:00:00,238.8,0.735
2015-10-04 00:00:00,243.0,0.57
2015-10-03 00:00:00,240.0,0.6099
2015-10-02 00:00:00,242.7,0.79
2015-10-01 00:00:00,241.1,0.685
2015-09-30 00:00:00,242.0,0.8
2015-09-29 00:00:00,243.2,0.845
2015-09-28 00:00:00,233.0,0.9
2015-09-27 00:00:00,233.0,0.875
2015-09-26 00:00:00,238.0,0.8915
2015-09-25 00:00:00,235.0,0.96
2015-09-24 00:00:00,228.0,0.96
2015-09-23 00:00:00,226.52,0.85
2015-09-22 00:00:00,227.5,0.84
2015-09-21 00:00:00,234.47,1.0
2015-09-20 00:00:00,234.47,0.8885
2015-09-19 00:00:00,238.26,0.871
2015-09-18 00:00:00,232.5,1.19
2015-09-17 00:00:00,230.0,0.99
2015-09-16 00:00:00,233.0,0.9999
2015-09-15 00:00:00,228.5,1.16
2015-09-14 00:00:00,226.5,1.3
2015-09-13 00:00:00,240.0,1.35
2015-09-12 00:00:00,238.7,1.21
2015-09-11 00:00:00,236.53,1.373
2015-09-10 00:00:00,240.6,1.219
2015-09-09 00:00:00,239.9,1.37
2015-09-08 00:00:00,245.0,1.26
2015-09-07 00:00:00,237.75,1.25
2015-09-06 00:00:00,233.0,1.3
2015-09-05 00:00:00,231.0,1.27
2015-09-04 00:00:00,231.0,1.06
2015-09-03 00:00:00,226.0,1.27
2015-09-02 00:00:00,223.94,1.0
2015-09-01 00:00:00,225.04,1.05
2015-08-31 00:00:00,215.03,1.3
2015-08-30 00:00:00,235.0,1.5
2015-08-29 00:00:00,230.14,1.33
2015-08-28 00:00:00,208.5,1.5
2015-08-27 00:00:00,227.98,1.73
2015-08-26 00:00:00,219.99,1.3
2015-08-25 00:00:00,211.0,1.52
2015-08-24 00:00:00,228.45,1.52
2015-08-23 00:00:00,230.26,1.77
2015-08-22 00:00:00,233.13,1.5
2015-08-21 00:00:00,234.0,2.15
2015-08-20 00:00:00,227.0,2.15
2015-08-19 00:00:00,251.0,1.38
2015-08-18 00:00:00,262.37,1.1
2015-08-17 00:00:00,257.0,1.4
2015-08-16 00:00:00,267.0,1.65
